Rating,Spec_score,Ram,Battery,Display,Price,company,Inbuilt_memory,fast_charging,Processor,log_price
4.65,68,4,6000,6.6,9999.0,17,128,25.0,5,9.21024036697585
4.2,63,2,4000,6.4,9990.0,17,32,15.0,0,9.2093398716426
4.3,75,4,5000,6.6,11999.0,17,64,25.0,1,9.392578591964389
4.1,69,4,5000,6.5,11999.0,17,64,15.0,5,9.392578591964389
4.4,75,6,5000,6.5,11990.0,17,128,15.0,5,9.39182824802156
4.1,76,4,6000,6.4,11990.0,17,64,15.0,5,9.39182824802156
4.1,71,4,5000,6.5,11990.0,17,64,15.0,5,9.39182824802156
4.05,75,4,5000,6.6,11599.0,17,64,15.0,5,9.358674166481876
4.5,75,6,6000,6.6,12298.0,17,128,15.0,5,9.417191926513414
4.25,85,8,6000,6.5,14999.0,17,128,25.0,5,9.61573881119536
4.4,78,4,5000,6.6,14999.0,17,128,25.0,5,9.61573881119536
4.05,72,4,6000,6.6,14999.0,17,64,15.0,5,9.61573881119536
4.4,75,4,5000,6.4,14999.0,17,128,18.0,5,9.61573881119536
4.05,75,6,6000,6.5,14999.0,17,128,15.0,5,9.61573881119536
4.75,75,4,5000,6.7,14990.0,17,128,25.0,5,9.615138591096644
4.75,79,6,5000,6.6,14949.0,17,128,15.0,5,9.612399686949514
4.3,80,6,5000,6.4,19999.0,17,128,15.0,5,9.903437551286085
4.2,80,6,6000,6.4,19999.0,17,64,15.0,5,9.903437551286085
4.1,76,6,5000,6.4,19799.0,17,128,15.0,5,9.8933867103567
4.75,81,8,5000,6.5,19499.0,17,128,25.0,5,9.878118461185586
4.15,81,8,5000,6.6,18999.0,17,128,25.0,5,9.85214162518454
4.4,79,6,4500,6.6,18999.0,17,128,18.0,5,9.85214162518454
4.4,82,8,5000,6.4,18990.0,17,128,15.0,5,9.85166780380633
4.15,82,8,5000,6.6,20999.0,17,128,25.0,5,9.952230096524119
4.35,87,8,4500,6.4,29999.0,17,256,25.0,5,10.308919326755392
4.25,86,8,5000,6.6,29999.0,17,256,25.0,5,10.308919326755392
4.35,88,8,4500,6.5,29999.0,17,128,50.67556634304207,5,10.308919326755392
4.3,85,8,6000,6.6,29999.0,17,128,25.0,5,10.308919326755392
4.25,84,6,4500,6.5,29999.0,17,128,15.0,5,10.308919326755392
4.15,83,6,5000,6.58,29999.0,17,128,25.0,5,10.308919326755392
4.2,89,8,5000,6.5,28990.0,17,256,25.0,5,10.274706221915702
4.5,86,8,4500,6.7,28990.0,17,128,25.0,5,10.274706221915702
4.45,83,8,4500,6.7,30500.0,17,128,25.0,5,10.325481962595504
4.75,88,12,5000,6.67,30999.0,17,256,45.0,5,10.341710224882465
4.25,86,8,4500,6.7,39999.0,17,128,25.0,5,10.596609732783568
4.35,86,6,4500,6.71,39990.0,17,128,25.0,5,10.596384701840863
4.1,86,6,4500,6.71,39990.0,17,128,25.0,5,10.596384701840863
4.45,78,6,3400,6.4,39990.0,17,128,50.67556634304207,5,10.596384701840863
4.6,89,8,5000,6.6,38900.0,17,256,25.0,5,10.568749529606537
4.2,83,8,3300,6.7,37999.0,17,128,15.0,5,10.545315122572783
4.0,87,8,6000,6.7,37999.0,17,128,25.0,5,10.545315122572783
4.1,88,8,5000,6.7,37999.0,17,256,25.0,5,10.545315122572783
4.55,83,6,4050,6.6,37999.0,17,128,25.0,5,10.545315122572783
4.15,89,12,5000,6.6,41289.0,17,256,25.0,5,10.628351399647642
4.0,87,8,4500,6.4,41790.0,17,256,25.0,5,10.640412355441962
4.75,91,8,5000,6.78,42990.0,17,128,45.0,5,10.668722809490328
4.55,90,8,5000,6.7,42999.0,17,128,33.0,5,10.668932138591325
4.2,88,8,3900,6.1,49999.0,17,128,25.0,5,10.81975828421028
4.5,89,12,4300,6.8,49999.0,17,256,45.0,5,10.81975828421028
4.0,85,8,3300,6.7,49999.0,17,256,15.0,5,10.81975828421028
4.1,76,8,3300,6.7,49990.0,17,128,25.0,5,10.819578264407616
4.0,88,8,4800,6.7,49000.0,17,128,25.0,5,10.799575577092764
4.1,80,8,5000,6.7,47990.0,17,128,50.67556634304207,5,10.77874793485229
4.05,83,8,5000,6.7,44999.0,17,128,67.0,5,10.714395546283317
4.0,89,8,5000,6.7,44999.0,17,128,25.0,5,10.714395546283317
4.55,79,4,4500,6.56,44990.0,17,64,25.0,5,10.714195521835219
4.75,79,8,4200,6.4,51999.0,17,128,33.0,5,10.85897976660942
4.35,88,8,4200,6.7,54990.0,17,256,67.0,5,10.91490662950186
4.0,88,8,3900,6.1,54999.0,17,256,25.0,5,10.915070282231135
4.0,89,12,4500,6.1,59999.0,17,256,50.67556634304207,5,11.002083174398681
4.25,88,8,3700,6.7,59999.0,17,128,25.0,5,11.002083174398681
4.35,87,8,4500,6.6,59999.0,17,128,45.0,5,11.002083174398681
4.2,86,8,4500,6.5,59999.0,17,128,25.0,5,11.002083174398681
4.5,88,6,4500,6.7,57990.0,17,128,25.0,5,10.968025860870487
4.35,88,8,4500,6.4,64999.0,17,256,50.67556634304207,5,11.082127164144046
4.2,75,6,3300,6.3,65690.0,17,64,50.67556634304207,5,11.092701985886519
4.35,78,8,4400,7.45,69990.0,17,128,25.0,5,11.156107653683586
4.1,86,8,4500,6.4,69999.0,17,128,25.0,5,11.156236235215168
4.05,88,8,4000,6.2,69999.0,17,128,25.0,5,11.156236235215168
4.4,76,6,3500,6.2,70000.0,17,64,50.67556634304207,5,11.156250521031495
4.05,96,12,5000,8.2,199990.0,17,256,80.0,5,12.206022644280132
4.45,93,12,4400,7.6,184999.0,17,1024,25.0,5,12.128105698640447
4.45,92,12,4400,8.0,179990.0,17,256,25.0,5,12.100656572773525
4.75,91,12,4400,7.6,177999.0,17,256,25.0,5,12.089533211280914
4.05,93,12,4400,7.6,164999.0,17,512,25.0,5,12.01369469225829
4.35,92,12,4400,7.6,164999.0,17,512,25.0,5,12.01369469225829
4.6,96,12,5000,6.8,159999.0,17,1024,45.0,5,11.982922844196432
4.3,91,12,4500,7.63,159999.0,17,256,45.0,5,11.982922844196432
4.05,91,12,4320,7.6,159999.0,17,256,25.0,5,11.982922844196432
4.75,92,12,4400,7.6,154999.0,17,256,25.0,5,11.95117394426767
4.3,95,12,5000,6.8,139999.0,17,512,45.0,5,11.849390558708787
4.6,93,12,5000,6.8,130376.0,17,256,45.0,5,11.778177862455825
4.35,95,12,5000,6.8,129999.0,17,256,45.0,5,11.77528203710044
4.0,65,4,5000,6.56,6990.0,20,64,15.0,5,8.852235835227855
4.1,67,4,5000,6.56,7999.0,20,64,15.0,5,8.987071812848821
4.35,60,2,5000,6.51,8033.0,20,32,10.0,5,8.991313336173812
4.1,72,4,5000,6.56,9999.0,20,128,15.0,5,9.21024036697585
4.25,69,4,5000,6.51,9999.0,20,128,10.0,5,9.21024036697585
4.35,54,3,5000,6.51,9999.0,20,32,10.0,5,9.21024036697585
4.0,66,3,5000,6.51,9999.0,20,64,10.0,5,9.21024036697585
4.65,75,6,5000,6.56,9990.0,20,128,15.0,5,9.2093398716426
4.25,72,4,5000,6.53,9990.0,20,64,18.0,5,9.2093398716426
4.65,70,4,5000,6.56,9499.0,20,64,15.0,5,9.158941808890182
4.05,69,4,5000,6.51,10199.0,20,64,18.0,5,9.230044955250518
4.25,72,4,5000,6.56,10499.0,20,128,15.0,5,9.259035293514941
4.4,66,4,5000,6.51,10499.0,20,128,18.0,5,9.259035293514941
4.3,75,4,5000,6.58,11999.0,20,128,18.0,5,9.392578591964389
4.7,67,4,6000,6.51,11999.0,20,128,15.0,5,9.392578591964389
4.3,74,4,5000,6.58,11999.0,20,64,18.0,5,9.392578591964389
4.05,74,6,5000,6.53,11990.0,20,64,18.0,5,9.39182824802156
4.4,75,4,5000,6.58,11899.0,20,128,18.0,5,9.384209641955154
4.6,72,4,5000,6.55,11580.0,20,64,18.0,5,9.357034751126987
3.95,74,4,5000,6.51,11490.0,20,128,18.0,5,9.3492323708428
4.0,67,3,5000,6.51,11490.0,20,64,18.0,5,9.3492323708428
4.7,73,4,5000,6.55,11390.0,20,128,18.0,5,9.340491056441229
4.1,75,6,5000,6.64,10999.0,20,128,44.0,5,9.305559638557117
4.35,78,6,6000,6.72,14999.0,20,128,44.0,5,9.61573881119536
4.2,80,8,5000,6.58,14999.0,20,128,18.0,5,9.61573881119536
4.35,75,6,5000,6.55,14999.0,20,128,18.0,5,9.61573881119536
4.4,71,8,5000,6.51,14999.0,20,128,18.0,5,9.61573881119536
4.4,74,6,4200,6.53,14999.0,20,64,18.0,5,9.61573881119536
4.4,72,6,6000,6.78,14990.0,20,128,44.0,5,9.615138591096644
4.3,78,4,5000,6.58,14990.0,20,128,18.0,5,9.615138591096644
4.45,77,8,5000,6.55,14990.0,20,128,18.0,5,9.615138591096644
4.15,74,4,5000,6.51,14990.0,20,128,18.0,5,9.615138591096644
4.55,73,6,5000,6.51,14990.0,20,128,18.0,5,9.615138591096644
4.5,70,4,5000,6.56,14990.0,20,128,18.0,5,9.615138591096644
4.7,82,8,5000,6.67,19999.0,20,128,44.0,5,9.903437551286085
4.25,79,6,5000,6.67,19999.0,20,128,44.0,5,9.903437551286085
4.1,80,8,4600,6.64,19990.0,20,128,66.0,5,9.902987427494446
4.35,78,8,4800,6.67,19990.0,20,128,80.0,5,9.902987427494446
4.3,79,8,4800,6.67,19990.0,20,128,80.0,5,9.902987427494446
4.25,80,12,4100,6.58,19990.0,20,256,44.0,5,9.902987427494446
4.5,84,8,4500,6.44,19990.0,20,256,44.0,5,9.902987427494446
4.75,86,8,5500,6.78,29999.0,20,256,44.0,5,10.308919326755392
3.9,85,8,4300,6.56,29999.0,20,128,44.0,5,10.308919326755392
4.65,86,8,4000,6.44,29999.0,20,128,33.0,5,10.308919326755392
4.6,70,8,5000,6.78,29990.0,20,256,100.0,5,10.308619271743055
4.6,84,8,4000,6.44,29990.0,20,128,33.0,5,10.308619271743055
4.1,85,8,4600,6.78,29990.0,20,128,66.0,5,10.308619271743055
4.7,84,8,5000,6.64,29990.0,20,256,120.0,5,10.308619271743055
4.1,73,8,5000,6.67,29990.0,20,128,67.0,5,10.308619271743055
4.75,84,8,4600,6.78,29799.0,20,128,80.0,5,10.302230114883466
4.0,84,8,5000,6.78,30739.0,20,128,80.0,5,10.333287485659087
4.35,86,12,4830,6.56,31398.0,20,256,66.0,5,10.354499475600262
4.15,87,8,4700,6.67,31990.0,20,256,80.0,5,10.373178632943564
4.45,81,8,5000,6.78,31990.0,20,128,44.0,5,10.373178632943564
4.2,85,8,4600,6.78,39999.0,20,256,66.0,5,10.596609732783568
4.35,89,12,5000,6.82,39990.0,20,256,80.0,5,10.596384701840863
4.0,85,12,4800,6.67,39990.0,20,256,44.0,5,10.596384701840863
4.35,89,8,5000,6.7,39990.0,20,256,120.0,5,10.596384701840863
4.4,84,8,5000,6.78,39990.0,20,128,67.0,5,10.596384701840863
4.5,88,8,4300,6.56,39990.0,20,128,44.0,5,10.596384701840863
4.4,88,12,4050,6.44,38990.0,20,256,44.0,5,10.571060481976643
4.25,85,12,4600,6.78,38799.0,20,256,80.0,5,10.566149752083353
4.25,86,12,5000,6.78,37999.0,20,256,80.0,5,10.545315122572783
4.25,84,8,5000,6.6,37990.0,20,128,67.0,5,10.54507824618167
4.55,87,8,5000,6.78,40990.0,20,256,80.0,5,10.621083413498383
4.3,88,12,5000,6.8,42990.0,20,256,100.0,5,10.668722809490328
4.6,89,12,4800,6.7,42990.0,20,256,100.0,5,10.668722809490328
4.3,85,8,4500,6.5,42999.0,20,256,50.67556634304207,5,10.668932138591325
4.2,85,8,4500,6.5,49999.0,20,256,50.67556634304207,5,10.81975828421028
4.65,89,8,4500,6.78,49990.0,20,256,66.0,5,10.819578264407616
4.1,91,12,5000,6.78,49940.0,20,256,150.0,5,10.818577563833765
4.25,89,12,4810,6.78,48990.0,20,256,120.0,5,10.79937147463262
4.05,91,12,5100,6.78,46990.0,20,256,100.0,5,10.757690092096862
4.65,87,12,5000,6.68,45990.0,20,256,44.0,5,10.73617926053397
4.65,88,12,5000,6.78,45210.0,20,512,80.0,5,10.71907358028865
4.75,89,12,5000,6.8,44990.0,20,256,100.0,5,10.714195521835219
4.25,88,8,4810,6.78,44990.0,20,256,120.0,5,10.714195521835219
4.6,89,8,4810,6.78,50999.0,20,256,120.0,5,10.83956130367109
4.15,91,12,4500,6.78,51999.0,20,256,55.0,5,10.85897976660942
4.45,86,8,4500,6.78,54999.0,20,128,80.0,5,10.915070282231135
4.6,88,8,4200,6.56,56990.0,20,128,55.0,5,10.950631092829045
4.25,92,12,5400,6.78,58990.0,20,256,100.0,5,10.98512321699712
4.15,82,8,5000,6.8,62990.0,20,256,200.0,5,11.050731262615974
4.4,91,12,5000,6.78,63999.0,20,256,120.0,5,11.066622737219737
4.75,89,8,4200,6.56,64990.0,20,128,55.0,5,11.081988690888394
4.7,92,16,5000,6.78,65490.0,20,256,120.0,5,11.089652738212099
4.6,84,12,5000,6.82,69990.0,20,256,200.0,5,11.156107653683586
4.7,89,8,5000,7.0,69990.0,20,256,80.0,5,11.156107653683586
4.1,89,12,4400,6.74,71990.0,20,256,44.0,5,11.184282499463349
4.55,91,12,4870,6.78,74899.0,20,256,120.0,5,11.223895818281337
4.3,96,12,5500,6.78,76990.0,20,256,80.0,5,11.251430822272095
4.45,90,12,5000,7.0,76990.0,20,256,80.0,5,11.251430822272095
4.15,91,12,4700,6.78,79999.0,20,256,80.0,5,11.289769413577893
4.0,94,12,5500,8.03,80990.0,20,256,80.0,5,11.302080969243036
4.15,86,12,5000,8.2,139990.0,20,256,150.0,5,11.849326270468872
4.55,93,12,4600,8.03,118990.0,20,512,66.0,5,11.6867947349492
4.45,98,16,5700,8.03,115990.0,20,512,100.0,5,11.661259259475921
4.2,93,12,4730,8.03,113990.0,20,256,80.0,5,11.643866004230825
4.3,90,8,4700,8.02,110990.0,20,128,80.0,5,11.617195386146026
4.25,91,12,4800,8.03,107990.0,20,256,120.0,5,11.589793909226806
4.4,92,12,4600,8.03,106990.0,20,256,66.0,5,11.580490651132653
4.65,94,12,5400,6.78,99990.0,20,256,100.0,5,11.512825459969894
4.45,97,12,4870,6.82,99990.0,20,256,200.0,5,11.512825459969894
4.05,91,12,5000,7.8,99990.0,20,256,44.0,5,11.512825459969894
4.7,95,12,4700,6.78,94999.0,20,256,80.0,5,11.461621644211487
4.65,93,16,5400,6.78,89999.0,20,256,100.0,5,11.407553838139561
4.35,89,12,4400,6.78,89990.0,20,256,44.0,5,11.407453832027993
4.4,90,12,5000,7.0,82990.0,20,512,80.0,5,11.326475397592494
4.15,92,12,4500,6.78,82990.0,20,256,120.0,5,11.326475397592494
4.55,58,2,5000,6.5,6950.0,16,32,10.0,5,8.846496938558838
4.75,70,4,5000,6.74,7815.0,16,64,33.0,5,8.963800242855577
4.45,71,4,5000,6.6,7919.0,16,64,18.0,5,8.977020214210413
4.5,69,4,5000,6.74,7920.0,16,64,33.0,5,8.977146484808472
4.0,62,4,5000,6.5,7950.0,16,64,10.0,5,8.980927207648378
4.25,69,4,5000,6.5,7980.0,16,64,18.0,5,8.984693690443855
3.95,74,4,5000,6.6,9999.0,16,64,18.0,5,9.21024036697585
4.5,65,4,6000,6.5,9999.0,16,64,18.0,5,9.21024036697585
4.2,73,4,5000,6.78,9990.0,16,128,45.0,5,9.2093398716426
4.65,76,6,5000,6.72,9990.0,16,128,33.0,5,9.2093398716426
4.2,68,4,6000,6.56,9990.0,16,64,33.0,5,9.2093398716426
4.55,67,3,6000,6.52,9990.0,16,32,18.0,5,9.2093398716426
4.55,68,3,6000,6.52,9893.0,16,32,18.0,5,9.199582715323222
4.6,77,6,5000,6.74,9820.0,16,128,18.0,5,9.192176401348512
4.25,74,4,5000,6.4,10299.0,16,64,33.0,5,9.239802082125802
4.6,75,8,5000,6.74,10390.0,16,128,33.0,5,9.248599084093273
4.45,72,4,5000,6.67,10499.0,16,64,15.0,5,9.259035293514941
4.0,72,4,6000,6.5,10499.0,16,64,18.0,5,9.259035293514941
4.25,75,4,5000,6.72,11999.0,16,128,45.0,5,9.392578591964389
4.2,75,4,5000,6.72,11999.0,16,128,45.0,5,9.392578591964389
4.45,78,6,5000,6.72,11999.0,16,128,33.0,5,9.392578591964389
4.6,78,6,5000,6.5,11999.0,16,64,30.0,5,9.392578591964389
4.3,71,4,5000,6.52,11999.0,16,64,18.0,5,9.392578591964389
4.25,75,4,4500,6.6,11999.0,16,64,18.0,5,9.392578591964389
4.7,71,4,5000,6.52,11999.0,16,64,18.0,5,9.392578591964389
4.4,80,8,5000,6.72,11990.0,16,128,33.0,5,9.39182824802156
4.15,75,4,5000,6.72,11910.0,16,128,33.0,5,9.385133662349347
4.5,73,4,5000,6.5,11749.0,16,64,18.0,5,9.371523409567573
4.3,74,4,5000,6.67,11499.0,16,128,15.0,5,9.350015354048665
4.5,78,4,5000,6.4,12251.0,16,128,30.0,5,9.41336284529417
4.55,75,4,5000,6.6,12490.0,16,64,18.0,5,9.432683603119623
3.95,75,4,5000,6.5,12490.0,16,64,18.0,5,9.432683603119623
4.25,82,8,5000,6.43,14999.0,16,128,33.0,5,9.61573881119536
4.5,80,8,5000,6.72,14999.0,16,128,45.0,5,9.61573881119536
4.2,79,6,5000,6.78,14999.0,16,128,44.0,5,9.61573881119536
4.1,73,6,5000,6.5,14999.0,16,128,10.0,5,9.61573881119536
4.35,71,6,5000,6.72,14990.0,16,128,65.0,5,9.615138591096644
4.65,82,8,5000,6.4,14990.0,16,128,67.0,5,9.615138591096644
4.2,78,6,5000,6.6,14990.0,16,128,60.0,5,9.615138591096644
4.0,77,6,5000,6.72,14844.0,16,128,33.0,5,9.605351022180487
4.7,79,8,5000,6.6,14499.0,16,128,33.0,5,9.581834960513193
4.65,79,8,5000,6.72,13999.0,16,128,33.0,5,9.546741177474825
4.05,84,8,5000,6.4,13999.0,16,128,33.0,5,9.546741177474825
4.45,75,4,4000,6.4,15299.0,16,64,20.0,5,9.63554274576738
4.0,80,6,5000,6.67,15329.0,16,128,45.0,5,9.637501738166108
4.65,80,8,5000,6.72,15749.0,16,128,33.0,5,9.664532150174582
4.75,83,8,5000,6.4,15990.0,16,128,30.0,5,9.679718805828
4.55,82,6,5000,6.72,19999.0,16,128,33.0,5,9.903437551286085
4.3,82,6,4500,6.4,19999.0,16,128,65.0,5,9.903437551286085
4.35,80,6,4500,6.6,19999.0,16,128,33.0,5,9.903437551286085
4.45,84,8,5500,6.78,19990.0,16,256,100.0,5,9.902987427494446
4.25,84,8,5000,6.67,19990.0,16,256,67.0,5,9.902987427494446
4.1,82,8,5000,6.8,19990.0,16,128,33.0,5,9.902987427494446
4.7,82,8,5000,6.6,19990.0,16,128,33.0,5,9.902987427494446
4.6,84,8,5000,6.67,19783.0,16,256,67.0,5,9.892578262028092
4.65,83,8,5000,6.7,18999.0,16,128,80.0,5,9.85214162518454
4.65,84,8,4500,6.4,18999.0,16,128,50.0,5,9.85214162518454
4.75,84,8,5000,6.67,18990.0,16,128,67.0,5,9.85166780380633
4.2,80,6,5000,6.6,20500.0,16,128,30.0,5,9.9281801651265
4.2,84,8,5000,6.67,20599.0,16,256,67.0,5,9.932997809910068
4.05,82,8,4200,6.57,30049.0,16,256,30.0,5,10.310584661539417
4.15,85,8,5000,6.74,29999.0,16,128,100.0,5,10.308919326755392
4.25,81,8,5000,6.73,29999.0,16,128,120.0,5,10.308919326755392
4.05,84,8,4500,6.55,29999.0,16,128,65.0,5,10.308919326755392
4.45,89,12,5000,6.7,29996.0,16,256,100.0,5,10.30881931842128
4.65,84,8,5000,6.74,29990.0,16,128,80.0,5,10.308619271743055
4.7,75,8,5500,6.74,29990.0,16,128,100.0,5,10.308619271743055
4.45,84,12,5000,6.7,29990.0,16,512,67.0,5,10.308619271743055
4.7,85,8,5000,6.67,29990.0,16,128,67.0,5,10.308619271743055
4.5,80,6,5000,6.55,29990.0,16,128,50.67556634304207,5,10.308619271743055
4.4,86,8,5000,6.7,28979.0,16,256,67.0,5,10.274326708723063
4.7,88,8,5000,6.7,28339.0,16,256,100.0,5,10.25199422680701
4.6,85,8,5000,6.74,30999.0,16,256,150.0,5,10.341710224882465
4.7,86,12,5000,6.62,30999.0,16,256,65.0,5,10.341710224882465
4.15,86,12,5000,6.7,31089.0,16,256,67.0,5,10.344609337852328
4.45,87,16,4600,6.74,39999.0,16,256,240.0,5,10.596609732783568
4.35,85,8,5200,6.74,39999.0,16,256,150.0,5,10.596609732783568
4.6,87,12,5000,6.43,39999.0,16,256,65.0,5,10.596609732783568
4.75,86,8,4200,6.57,39999.0,16,128,65.0,5,10.596609732783568
4.15,83,8,5000,6.8,38999.0,16,128,125.0,5,10.571291283757406
4.45,89,12,5400,6.78,38990.0,16,256,100.0,5,10.571060481976643
4.5,83,8,5000,6.7,36999.0,16,128,100.0,5,10.518646164234097
4.2,88,8,5000,6.7,36990.0,16,128,65.0,5,10.5184028848265
4.0,86,12,5000,6.74,35999.0,16,512,100.0,5,10.49124643927466
4.55,82,8,5000,6.62,34999.0,16,128,65.0,5,10.463074768634808
4.3,83,12,4200,6.57,34999.0,16,256,30.0,5,10.463074768634808
4.5,88,8,5000,6.74,34990.0,16,256,80.0,5,10.462817585361734
4.3,84,8,5000,6.62,34990.0,16,128,50.67556634304207,5,10.462817585361734
4.75,79,8,5000,6.73,33999.0,16,256,67.0,5,10.434086391401058
4.35,82,8,5000,6.62,33999.0,16,256,80.0,5,10.434086391401058
4.7,86,12,5000,6.74,33999.0,16,256,100.0,5,10.434086391401058
4.65,86,12,5240,6.74,33990.0,16,256,150.0,5,10.433821642690162
4.45,86,8,5000,6.7,40990.0,16,128,100.0,5,10.621083413498383
4.15,89,24,4600,6.74,42990.0,16,1024,240.0,5,10.668722809490328
4.45,86,8,4600,6.74,44990.0,16,128,240.0,5,10.714195521835219
4.75,85,8,4500,6.7,44999.0,16,258,65.0,5,10.714395546283317
4.15,89,12,5500,6.78,49990.0,16,256,150.0,5,10.819578264407616
4.1,83,12,5500,6.78,49990.0,16,512,120.0,5,10.819578264407616
4.45,88,8,5050,6.78,49990.0,16,256,150.0,5,10.819578264407616
4.4,80,8,5000,6.7,49990.0,16,128,65.0,5,10.819578264407616
4.75,88,8,5200,6.74,49999.0,16,256,150.0,5,10.81975828421028
4.4,71,4,5000,6.56,13999.0,14,128,33.0,5,9.546741177474825
4.7,78,8,5000,6.56,13999.0,14,128,33.0,5,9.546741177474825
4.25,81,8,5000,6.43,13999.0,14,128,67.0,5,9.546741177474825
4.5,76,8,5000,6.56,13999.0,14,128,33.0,5,9.546741177474825
4.5,74,6,5000,6.56,15499.0,14,128,33.0,5,9.648530784697051
4.6,77,4,5000,6.67,15990.0,14,256,44.0,5,9.679718805828
4.55,86,8,5000,6.43,19999.0,14,256,33.0,5,9.903437551286085
4.7,81,12,5000,6.72,19999.0,14,256,33.0,5,9.903437551286085
4.55,82,8,4500,6.43,19990.0,14,128,33.0,5,9.902987427494446
4.25,82,8,5000,6.72,19990.0,14,128,67.0,5,9.902987427494446
4.25,82,8,4000,6.4,19990.0,14,128,30.0,5,9.902987427494446
4.35,78,6,5000,6.59,18999.0,14,128,33.0,5,9.85214162518454
4.45,76,6,5000,6.56,18990.0,14,128,33.0,5,9.85166780380633
4.2,78,6,4000,6.44,18990.0,14,128,30.0,5,9.85166780380633
4.6,84,8,5000,6.72,20699.0,14,256,67.0,5,9.937840668907791
4.25,84,8,4800,6.7,20990.0,14,128,67.0,5,9.951801412814678
4.7,86,8,5000,6.7,20999.0,14,256,67.0,5,9.952230096524119
4.55,82,8,5000,6.7,20999.0,14,256,67.0,5,9.952230096524119
4.7,89,8,5000,6.7,29999.0,14,256,67.0,5,10.308919326755392
4.45,84,8,5100,6.67,29999.0,14,128,67.0,5,10.308919326755392
4.0,84,8,4310,6.43,29990.0,14,128,30.0,5,10.308619271743055
4.45,83,8,4300,6.43,29990.0,14,128,65.0,5,10.308619271743055
4.35,81,8,5000,6.62,29990.0,14,128,80.0,5,10.308619271743055
4.2,81,8,5000,6.62,29990.0,14,128,80.0,5,10.308619271743055
4.05,83,8,4200,6.43,29990.0,14,128,65.0,5,10.308619271743055
4.3,84,8,4350,6.53,28900.0,14,128,65.0,5,10.271596874100524
4.65,87,12,4600,6.7,30200.0,14,256,80.0,5,10.31559720336296
4.6,87,12,4500,6.55,30900.0,14,256,65.0,5,10.338511462885837
4.05,86,16,4500,6.7,39999.0,14,256,67.0,5,10.596609732783568
4.4,86,8,4800,6.7,38999.0,14,128,67.0,5,10.571291283757406
4.2,89,8,5000,6.78,36990.0,14,256,80.0,5,10.5184028848265
4.5,78,8,5000,6.8,35999.0,14,128,68.0,5,10.49124643927466
4.75,88,12,4600,6.7,35990.0,14,256,80.0,5,10.490996401073076
4.35,88,12,5500,6.78,34990.0,14,256,100.0,5,10.462817585361734
4.25,85,8,4500,6.7,42990.0,14,256,80.0,5,10.668722809490328
4.65,85,8,4500,6.7,42990.0,14,256,80.0,5,10.668722809490328
4.45,89,12,5000,6.74,44990.0,14,256,120.0,5,10.714195521835219
4.7,86,12,4500,6.55,44990.0,14,512,65.0,5,10.714195521835219
4.35,87,8,4500,6.55,44990.0,14,128,65.0,5,10.714195521835219
4.6,86,12,4000,6.5,44999.0,14,256,65.0,5,10.714395546283317
4.55,86,16,4700,6.7,45999.0,14,256,80.0,5,10.736374936104498
4.6,89,12,4200,6.7,47990.0,14,256,65.0,5,10.77874793485229
4.4,90,12,5000,6.78,47999.0,14,256,100.0,5,10.778935456339678
4.15,81,12,5000,6.78,49999.0,14,256,120.0,5,10.81975828421028
4.6,89,12,4700,6.74,49499.0,14,256,100.0,5,10.809707746332515
4.0,90,12,4500,6.7,50990.0,14,256,65.0,5,10.839384814049202
4.15,90,12,4880,6.74,54990.0,14,256,80.0,5,10.91490662950186
4.0,94,12,5000,6.82,69990.0,14,256,100.0,5,11.156107653683586
4.45,91,12,5000,6.82,71990.0,14,256,100.0,5,11.184282499463349
4.65,90,8,4500,6.7,78990.0,14,256,80.0,5,11.277076541158465
4.35,93,12,5000,6.83,79990.0,14,256,100.0,5,11.289656905842868
4.15,90,8,5000,6.7,79990.0,14,256,80.0,5,11.289656905842868
4.05,89,8,4800,6.55,84990.0,14,256,80.0,5,11.350288881492672
4.65,91,12,4300,6.8,84999.0,14,256,44.0,5,11.350394770697367
4.3,88,8,4300,6.8,89990.0,14,128,44.0,5,11.407453832027993
4.4,89,8,4300,6.8,89999.0,14,256,44.0,5,11.407553838139561
4.3,92,12,4520,7.1,94990.0,14,256,67.0,5,11.461526901884229
4.5,83,12,5000,6.83,99990.0,14,256,80.0,5,11.512825459969894
4.3,90,8,5000,7.1,99990.0,14,256,67.0,5,11.512825459969894
4.55,86,8,4000,7.4,134999.0,14,256,45.0,5,11.813022649985724
4.15,89,12,4260,6.7,129990.0,14,512,65.0,5,11.775212803402065
4.55,95,12,4805,7.82,114990.0,14,512,67.0,5,11.65260044704271
4.05,69,4,5000,6.51,10990.0,6,128,15.0,5,9.304741047397666
4.2,79,6,5000,6.58,11999.0,6,128,18.0,5,9.392578591964389
4.45,75,4,5000,6.58,12899.0,6,64,18.0,5,9.464905067965136
4.65,74,4,5000,6.58,12990.0,6,64,18.0,5,9.471935109664646
4.75,81,8,6000,6.72,13499.0,6,128,44.0,5,9.510370887608827
4.1,78,4,5000,6.58,13990.0,6,128,18.0,5,9.546098067659527
4.25,74,6,5000,6.51,13990.0,6,128,18.0,5,9.546098067659527
4.65,76,6,5000,6.6,14990.0,6,64,33.0,5,9.615138591096644
4.0,81,8,6000,6.64,15990.0,6,128,80.0,5,9.679718805828
4.2,77,6,6000,6.58,15990.0,6,128,44.0,5,9.679718805828
4.75,69,4,5000,6.51,15990.0,6,128,18.0,5,9.679718805828
4.0,82,8,4500,6.38,15999.0,6,128,44.0,5,9.680281499268713
4.7,80,6,4500,6.38,17990.0,6,128,44.0,5,9.79757132694458
4.05,82,8,5000,6.58,17999.0,6,128,18.0,5,9.798071479779479
4.55,83,8,5000,6.64,18990.0,6,128,120.0,5,9.85166780380633
4.6,71,4,5000,6.51,18990.0,6,128,18.0,5,9.85166780380633
4.45,83,8,5000,6.64,19499.0,6,256,120.0,5,9.878118461185586
4.75,82,8,6000,6.64,19990.0,6,128,67.0,5,9.902987427494446
4.3,83,8,5000,6.67,19999.0,6,128,44.0,5,9.903437551286085
4.55,81,8,4500,6.64,19990.0,6,128,80.0,5,9.902987427494446
4.5,76,6,5000,6.44,19990.0,6,128,33.0,5,9.902987427494446
4.6,84,8,5000,6.67,21838.0,6,256,44.0,5,9.99140685057401
4.55,80,8,4600,6.78,22486.0,6,128,66.0,5,10.020648172309706
4.1,83,8,4700,6.62,22990.0,6,128,80.0,5,10.042814617757227
4.15,70,6,4500,6.44,22999.0,6,128,80.0,5,10.043206015705211
4.55,83,8,5000,6.78,29999.0,6,128,120.0,5,10.308919326755392
4.75,86,12,6000,6.78,29990.0,6,256,80.0,5,10.308619271743055
4.3,84,8,5000,6.82,29990.0,6,128,150.0,5,10.308619271743055
4.4,84,8,4500,6.57,29990.0,6,128,65.0,5,10.308619271743055
4.7,83,12,4880,6.78,28999.0,6,256,120.0,5,10.275016625615446
4.5,84,12,5160,6.78,26990.0,6,256,120.0,5,10.20322170601205
4.65,83,8,4400,6.62,25999.0,6,128,66.0,5,10.165813354725493
4.05,84,8,5000,6.67,25990.0,6,128,120.0,5,10.165467127635536
4.35,86,12,5160,6.8,30990.0,6,256,150.0,5,10.341419850781794
4.05,84,8,5000,6.78,32990.0,6,256,120.0,5,10.403959764222627
4.6,84,8,5000,6.78,33990.0,6,128,120.0,5,10.433821642690162
4.15,82,8,5160,6.78,34999.0,6,128,120.0,5,10.463074768634808
4.1,83,8,5160,6.78,36999.0,6,256,120.0,5,10.518646164234097
4.75,83,8,5000,6.62,37990.0,6,128,50.67556634304207,5,10.54507824618167
4.6,85,16,4880,6.78,38990.0,6,256,120.0,5,10.571060481976643
4.3,75,8,5000,6.78,39990.0,6,256,120.0,5,10.596384701840863
4.3,84,8,4200,6.62,39990.0,6,128,66.0,5,10.596384701840863
4.4,84,12,5160,6.78,38999.0,6,256,120.0,5,10.571291283757406
4.55,84,8,4350,6.56,42990.0,6,128,120.0,5,10.668722809490328
4.45,87,12,4700,6.78,43990.0,6,256,200.0,5,10.691717614342766
4.65,86,12,5000,6.78,44990.0,6,256,120.0,5,10.714195521835219
4.15,89,16,5000,6.78,44999.0,6,256,120.0,5,10.714395546283317
4.3,88,12,4800,6.78,49990.0,6,256,120.0,5,10.819578264407616
4.55,85,12,4350,6.56,52652.0,6,256,120.0,5,10.871459503545298
4.3,89,12,5000,6.78,52999.0,6,256,120.0,5,10.878028324431728
4.55,90,16,5000,6.78,57999.0,6,512,120.0,5,10.968181048000611
4.65,89,8,4700,6.78,58990.0,6,256,200.0,5,10.98512321699712
4.75,89,8,4700,6.78,58990.0,6,256,200.0,5,10.98512321699712
4.65,83,12,6000,6.8,64990.0,6,256,120.0,5,11.081988690888394
4.1,92,16,5100,6.78,64990.0,6,256,120.0,5,11.081988690888394
4.15,87,8,4700,6.78,64990.0,6,256,120.0,5,11.081988690888394
4.7,86,12,5000,6.8,72990.0,6,512,250.0,5,11.198077724445678
4.45,88,12,4700,6.78,76429.0,6,256,120.0,5,11.244117484283745
4.05,69,6,5000,6.71,6999.0,15,128,18.0,5,8.85352256068954
4.55,71,4,5000,6.71,6999.0,15,64,10.0,5,8.85352256068954
4.4,61,3,5000,6.52,7299.0,15,32,10.0,6,8.895492631451633
4.2,68,6,5000,6.74,7499.0,15,128,18.0,5,8.92252495730139
4.5,74,4,6000,6.53,7972.0,15,64,18.0,5,8.983690681332686
4.35,71,4,5000,6.73,7990.0,15,64,18.0,5,8.98594603876032
4.05,71,8,5000,6.74,7999.0,15,256,18.0,5,8.987071812848821
4.75,75,6,5000,6.71,7999.0,15,128,10.0,5,8.987071812848821
4.0,75,6,6000,6.53,8490.0,15,64,18.0,5,9.046644279305394
4.45,66,4,5000,6.52,8499.0,15,64,10.0,5,9.047703788498627
4.35,71,4,5000,6.53,8689.0,15,64,18.0,5,9.069813136839207
4.5,68,3,5000,6.58,8990.0,15,64,18.0,5,9.103868127465667
4.65,74,4,5000,6.58,8999.0,15,64,18.0,5,9.104868739033948
4.75,70,6,5000,6.52,8999.0,15,128,10.0,5,9.104868739033948
4.2,68,6,5000,6.78,8999.0,15,128,33.0,5,9.104868739033948
4.6,77,6,5000,6.79,9999.0,15,128,18.0,5,9.21024036697585
4.0,75,6,5000,6.74,9999.0,15,128,18.0,5,9.21024036697585
4.0,75,4,5000,6.58,9990.0,15,64,18.0,5,9.2093398716426
4.25,66,4,5000,6.78,9990.0,15,128,33.0,5,9.2093398716426
4.45,75,4,5000,6.78,9990.0,15,128,33.0,5,9.2093398716426
4.55,75,6,5000,6.53,9990.0,15,128,18.0,5,9.2093398716426
4.05,76,4,5000,6.67,9799.0,15,64,33.0,5,9.190035618635818
4.45,74,6,5000,6.53,9690.0,15,64,18.0,5,9.178849704884811
4.4,75,4,5000,6.79,9499.0,15,128,18.0,5,9.158941808890182
4.75,73,4,5000,6.74,9249.0,15,128,18.0,5,9.13227071655426
4.35,77,6,5000,6.43,10330.0,15,64,33.0,5,9.242807562113684
4.4,77,8,5000,6.74,10499.0,15,256,18.0,5,9.259035293514941
4.3,78,6,5000,6.67,10880.0,15,64,33.0,5,9.294681520409934
4.0,75,4,5000,6.8,10999.0,15,128,33.0,5,9.305559638557117
4.15,80,8,5000,6.79,11499.0,15,256,18.0,5,9.350015354048665
4.65,79,6,5000,6.43,11539.0,15,128,33.0,5,9.353487881194667
4.75,77,6,5000,6.58,11990.0,15,128,18.0,5,9.39182824802156
4.15,79,6,5000,6.58,12194.0,15,128,18.0,5,9.408699306467762
4.45,81,8,5000,6.43,12490.0,15,128,33.0,5,9.432683603119623
4.0,77,6,5000,6.78,12990.0,15,128,33.0,5,9.471935109664646
4.55,83,8,5000,6.67,12990.0,15,256,67.0,5,9.471935109664646
4.2,76,6,5000,6.53,12999.0,15,64,18.0,5,9.47262771040802
4.4,79,6,5000,6.67,13267.0,15,128,33.0,5,9.493035027916918
4.5,80,6,6000,6.67,13290.0,15,64,33.0,5,9.494767151707292
4.5,75,4,5000,6.5,13490.0,15,64,18.0,5,9.509703949201802
4.2,81,6,5000,6.67,13999.0,15,128,33.0,5,9.546741177474825
3.95,76,4,5000,6.6,13999.0,15,64,33.0,5,9.546741177474825
4.35,81,6,5000,6.6,14499.0,15,128,33.0,5,9.581834960513193
4.4,82,8,5000,6.6,14899.0,15,128,33.0,5,9.60904937558734
4.25,80,6,5000,6.67,14950.0,15,64,67.0,5,9.612466578818832
4.4,77,4,5000,6.43,14990.0,15,64,33.0,5,9.615138591096644
4.3,79,6,5000,6.67,14990.0,15,128,67.0,5,9.615138591096644
4.6,83,8,5000,6.67,14999.0,15,128,33.0,5,9.61573881119536
4.2,84,8,6000,6.67,15590.0,15,128,33.0,5,9.654384962051822
4.35,81,6,4500,6.67,15990.0,15,128,27.0,5,9.679718805828
4.4,84,8,5000,6.67,15999.0,15,256,33.0,5,9.680281499268713
4.2,81,6,6000,6.67,15999.0,15,128,33.0,5,9.680281499268713
4.35,76,4,5000,6.61,15999.0,15,64,33.0,5,9.680281499268713
4.7,84,12,5000,6.67,16999.0,15,256,33.0,5,9.74090979777877
4.65,84,8,4500,6.67,16999.0,15,256,27.0,5,9.74090979777877
4.1,82,6,5000,6.67,17945.0,15,128,67.0,5,9.795066803581708
4.5,84,8,5000,6.72,17990.0,15,256,67.0,5,9.79757132694458
4.3,81,6,5160,6.67,17990.0,15,128,67.0,5,9.79757132694458
4.1,81,8,5100,6.67,19499.0,15,256,67.0,5,9.878118461185586
4.05,80,6,5000,6.67,19490.0,15,128,67.0,5,9.877656792501606
4.7,83,12,5100,6.67,20999.0,15,256,67.0,5,9.952230096524119
4.1,84,8,5000,6.73,21990.0,15,128,80.0,5,9.998343083548807
4.55,85,8,5000,6.73,21990.0,15,128,67.0,5,9.998343083548807
4.5,84,12,5100,6.67,21999.0,15,512,67.0,5,9.998752276761909
4.75,84,8,5000,6.67,21999.0,15,128,67.0,5,9.998752276761909
4.15,84,8,5000,6.67,22999.0,15,256,67.0,5,10.043206015705211
4.5,84,8,5000,6.67,24499.0,15,256,67.0,5,10.106387579373278
4.2,84,8,5080,6.6,24990.0,15,128,67.0,5,10.126231023828998
3.95,82,6,4500,6.67,25890.0,15,128,67.0,5,10.161612072745584
4.4,82,8,5065,6.67,25999.0,15,256,67.0,5,10.165813354725493
4.25,86,12,5000,6.67,26499.0,15,512,67.0,5,10.184862275413241
4.45,80,6,4200,6.69,27990.0,15,128,44.0,5,10.2396025825095
4.45,86,12,4500,6.67,27999.0,15,256,67.0,5,10.239924074233857
4.6,85,8,5080,6.6,28990.0,15,256,67.0,5,10.274706221915702
4.75,84,8,5000,6.67,29999.0,15,256,67.0,5,10.308919326755392
4.6,85,8,4500,6.67,29999.0,15,128,67.0,5,10.308919326755392
4.4,67,6,10500,12.1,29990.0,15,128,33.0,5,10.308619271743055
4.5,75,8,5000,6.7,29990.0,15,128,80.0,5,10.308619271743055
4.4,75,8,5000,6.77,31990.0,15,128,66.0,5,10.373178632943564
4.15,85,8,5000,6.8,32990.0,15,128,100.0,5,10.403959764222627
4.65,85,12,5000,6.67,33999.0,15,256,67.0,5,10.434086391401058
4.1,86,8,5000,6.72,34990.0,15,128,120.0,5,10.462817585361734
4.65,87,8,5160,6.67,36999.0,15,256,67.0,5,10.518646164234097
4.15,86,8,4700,6.67,39999.0,15,128,120.0,5,10.596609732783568
4.35,88,8,5500,6.72,40990.0,15,128,120.0,5,10.621083413498383
4.4,86,8,4500,6.67,42999.0,15,128,150.0,5,10.668932138591325
4.65,88,12,5500,6.67,45990.0,15,512,100.0,5,10.73617926053397
4.6,88,12,4700,6.67,46990.0,15,256,120.0,5,10.757690092096862
4.7,78,8,6000,6.8,14990.0,4,256,35.0,5,9.615138591096644
4.0,75,6,5000,6.5,14990.0,4,128,22.0,5,9.615138591096644
4.4,80,8,5000,6.58,14990.0,4,128,18.0,5,9.615138591096644
4.5,71,4,5000,6.5,13999.0,4,64,10.0,5,9.546741177474825
4.3,81,8,6000,6.8,13999.0,4,256,35.0,5,9.546741177474825
4.1,75,6,5000,6.75,13999.0,4,128,22.0,5,9.546741177474825
4.05,75,8,6000,6.74,13990.0,4,128,22.0,5,9.546098067659527
4.1,72,6,6000,6.74,13990.0,4,128,22.0,5,9.546098067659527
4.65,80,8,5800,6.78,15990.0,4,128,33.0,5,9.679718805828
4.7,83,8,6000,6.8,19990.0,4,256,35.0,5,9.902987427494446
4.65,80,6,6000,6.8,19990.0,4,128,33.0,5,9.902987427494446
4.65,71,4,5000,6.5,19990.0,4,128,22.0,5,9.902987427494446
4.05,78,6,4500,6.7,18999.0,4,128,22.0,5,9.85214162518454
4.25,83,12,4800,6.81,20499.0,4,256,66.0,5,9.928131383448887
4.65,72,8,5000,6.72,20999.0,4,128,44.0,5,9.952230096524119
4.65,86,8,4500,6.7,29990.0,4,256,35.0,5,10.308619271743055
4.0,85,12,5000,6.7,29990.0,4,256,100.0,5,10.308619271743055
4.05,84,12,5000,6.7,29990.0,4,256,100.0,5,10.308619271743055
4.7,77,8,4700,6.72,29990.0,4,128,80.0,5,10.308619271743055
4.6,82,8,5100,6.67,27999.0,4,256,40.0,5,10.239924074233857
4.65,83,8,4600,6.67,27990.0,4,256,66.0,5,10.2396025825095
4.45,89,12,5000,6.7,27199.0,4,512,66.0,5,10.210935486902368
4.5,86,8,4800,6.67,30990.0,4,256,66.0,5,10.341419850781794
4.05,87,8,4800,6.67,30999.0,4,256,66.0,5,10.341710224882465
4.75,80,6,5100,6.67,31999.0,4,128,40.0,5,10.373459931293572
4.7,84,12,5800,6.78,32990.0,4,256,33.0,5,10.403959764222627
4.3,85,6,4300,6.57,32990.0,4,128,66.0,5,10.403959764222627
4.65,87,12,5000,6.7,34990.0,4,256,100.0,5,10.462817585361734
4.7,88,12,5000,6.78,39990.0,4,256,100.0,5,10.596384701840863
4.65,89,12,4800,6.67,39990.0,4,256,66.0,5,10.596384701840863
4.7,85,12,4800,6.67,38999.0,4,256,66.0,5,10.571291283757406
4.15,84,8,5300,6.78,34999.0,4,256,35.0,5,10.463074768634808
4.15,88,8,4500,6.78,42999.0,4,256,100.0,5,10.668932138591325
4.2,89,8,4800,6.78,43990.0,4,256,66.0,5,10.691717614342766
4.4,89,12,5000,6.8,44990.0,4,256,120.0,5,10.714195521835219
4.05,87,8,4100,6.57,44990.0,4,128,40.0,5,10.714195521835219
4.35,87,12,4800,6.78,44999.0,4,256,66.0,5,10.714395546283317
4.15,89,8,4500,6.78,49990.0,4,256,100.0,5,10.819578264407616
4.75,89,8,4400,6.57,49999.0,4,128,66.0,5,10.81975828421028
4.15,91,12,5450,6.78,51999.0,4,256,66.0,5,10.85897976660942
4.45,91,12,4500,6.78,54990.0,4,256,100.0,5,10.91490662950186
4.6,88,8,4100,6.57,54990.0,4,128,40.0,5,10.91490662950186
4.2,91,12,5000,6.78,55990.0,4,256,90.0,5,10.932928382342938
4.25,84,8,5000,6.81,56999.0,4,128,66.0,5,10.950789002803143
4.55,95,12,5400,6.8,66499.0,4,256,8.0,5,11.104942188936894
4.4,87,16,4500,7.71,67990.0,4,256,35.0,5,11.127115914520505
4.75,93,16,5450,6.81,77990.0,4,512,66.0,5,11.264335892324544
4.3,96,16,5600,6.8,79990.0,4,512,80.0,5,11.289656905842868
4.1,90,12,5000,7.92,79999.0,4,256,66.0,5,11.289769413577893
4.7,90,12,5100,6.73,79999.0,4,256,66.0,5,11.289769413577893
4.4,91,8,4600,6.81,89990.0,4,256,100.0,5,11.407453832027993
4.4,89,8,4500,6.79,89999.0,4,256,67.0,5,11.407553838139561
4.3,94,12,4600,6.81,94990.0,4,512,100.0,5,11.461526901884229
4.1,94,12,4600,6.76,94990.0,4,512,120.0,5,11.461526901884229
4.6,89,8,5000,7.8,99990.0,4,256,35.0,5,11.512825459969894
4.5,92,16,5000,7.92,102999.0,4,256,66.0,5,11.542474558426779
4.75,93,16,5000,7.92,187990.0,4,1024,66.0,5,12.144144048908007
4.3,92,16,5000,7.9,139999.0,4,512,66.0,5,11.849390558708787
4.15,89,8,5000,7.9,124999.0,4,256,66.0,5,11.736061016252439
4.7,98,24,5600,6.8,114990.0,4,1024,80.0,5,11.65260044704271
4.2,88,8,4000,8.0,104999.0,4,256,50.67556634304207,5,11.561706105284784
4.45,92,12,5100,6.81,103999.0,4,512,66.0,5,11.552136562692667
4.25,86,8,5000,6.7,23999.0,12,128,45.0,5,10.085767441795337
4.1,80,6,5000,6.55,24990.0,12,128,33.0,5,10.126231023828998
4.35,86,8,5000,6.7,25999.0,12,256,45.0,5,10.165813354725493
4.25,77,8,5000,6.72,27990.0,12,128,65.0,5,10.2396025825095
4.25,87,12,5000,6.7,27999.0,12,256,45.0,5,10.239924074233857
3.95,85,8,4500,6.55,31999.0,12,128,33.0,5,10.373459931293572
4.75,86,8,4500,6.55,33999.0,12,256,33.0,5,10.434086391401058
4.05,86,12,4500,6.55,36999.0,12,256,33.0,5,10.518646164234097
4.0,88,8,4700,6.7,37999.0,12,128,45.0,5,10.545315122572783
4.7,89,12,4700,6.7,40299.0,12,512,45.0,5,10.604081933731123
4.05,89,12,4700,6.7,40999.0,12,256,45.0,5,10.621302955145095
4.35,88,8,5000,6.67,45990.0,12,128,100.0,5,10.73617926053397
4.15,94,12,5000,7.8,89999.0,12,256,45.0,5,11.407553838139561
4.45,66,4,3000,5.6,13999.0,3,64,18.0,5,9.546741177474825
4.0,78,6,2800,5.7,19999.0,3,64,50.67556634304207,5,9.903437551286085
4.15,78,6,4620,6.34,32999.0,3,128,18.0,5,10.404232536959167
4.7,86,8,4385,6.1,37999.0,3,128,18.0,5,10.545315122572783
4.3,71,6,4410,6.14,43999.0,3,128,50.67556634304207,5,10.691922185369403
4.4,85,8,4355,6.3,46999.0,3,128,30.0,5,10.757881603870102
4.4,78,8,4700,6.3,49990.0,3,128,44.0,5,10.819578264407616
4.65,78,8,4492,6.1,52999.0,3,128,50.67556634304207,4,10.878028324431728
4.15,77,8,5000,6.03,59990.0,3,256,45.0,5,11.00193316064714
4.4,79,8,4492,6.1,59999.0,3,256,50.67556634304207,4,11.002083174398681
4.45,89,12,5000,6.7,62999.0,3,128,30.0,5,11.050874132231819
4.5,77,8,4575,6.2,69999.0,3,128,30.0,4,11.156236235215168
4.1,78,8,4575,6.2,69999.0,3,256,30.0,4,11.156236235215168
4.5,85,8,4800,6.2,74990.0,3,128,50.67556634304207,5,11.225110050295434
4.2,90,12,5000,6.7,89999.0,3,128,30.0,5,11.407553838139561
4.45,83,12,5000,6.1,94990.0,3,256,45.0,5,11.461526901884229
4.15,89,8,4000,6.7,99990.0,3,128,45.0,5,11.512825459969894
4.7,81,12,5050,6.7,101999.0,3,128,30.0,4,11.532718288296781
4.15,82,12,5050,6.7,108999.0,3,256,30.0,4,11.59909398685727
4.35,84,12,5300,6.71,109990.0,3,256,45.0,5,11.608144731551162
4.45,83,12,5003,8.3,125990.0,3,128,30.0,5,11.743957817704676
4.55,90,12,4821,7.6,146990.0,3,256,30.0,5,11.898119836236033
4.35,84,12,5000,8.02,159990.0,3,256,45.0,3,11.982866592262758
4.1,68,4,5000,6.6,6999.0,7,128,18.0,5,8.85352256068954
4.6,61,4,5000,6.6,7190.0,7,256,10.0,5,8.880446450715093
4.55,63,4,7000,6.8,7299.0,7,128,18.0,5,8.895492631451633
4.4,73,8,5000,6.6,7309.0,7,128,18.0,5,8.896861744480391
4.6,67,4,6000,6.56,7394.0,7,128,18.0,5,8.908424139496578
4.55,72,8,5000,6.56,8990.0,7,128,45.0,5,9.103868127465667
4.1,74,8,5000,6.6,9999.0,7,256,45.0,5,9.21024036697585
4.3,77,8,4200,6.52,49990.0,0,128,120.0,5,10.819578264407616
4.3,87,8,6000,6.78,52999.0,0,128,65.0,5,10.878028324431728
4.35,86,8,4300,5.9,59999.0,0,128,30.0,5,11.002083174398681
4.75,86,8,4300,5.9,63990.0,0,128,30.0,5,11.066482100133506
4.65,89,16,6000,6.59,64999.0,0,512,30.0,5,11.082127164144046
4.15,89,8,4300,5.92,70990.0,0,128,30.0,5,11.170294301033431
4.55,88,16,6000,6.78,71990.0,0,256,65.0,5,11.184282499463349
4.7,86,12,6000,6.78,71999.0,0,256,65.0,5,11.184407509012852
4.65,88,16,6000,6.78,72999.0,0,256,65.0,5,11.198201021406565
4.3,89,8,4500,6.0,74990.0,0,128,30.0,5,11.225110050295434
4.35,91,16,6000,6.78,74999.0,0,512,65.0,5,11.225230059096225
4.75,93,16,6000,6.78,109900.0,0,512,65.0,5,11.607326140391713
4.5,90,16,6000,6.78,107990.0,0,512,65.0,5,11.589793909226806
4.45,93,16,5500,6.78,94999.0,0,512,65.0,5,11.461621644211487
4.3,88,18,6000,6.78,94990.0,0,512,65.0,5,11.461526901884229
4.75,88,18,6000,6.78,89999.0,0,512,65.0,5,11.407553838139561
4.55,91,12,5500,6.78,89990.0,0,256,65.0,5,11.407453832027993
4.0,89,18,6000,6.78,82999.0,0,512,80.0,5,11.326583838513384
4.0,92,12,5500,6.78,81990.0,0,256,65.0,5,11.314352567590223
4.45,89,18,6000,6.78,79999.0,0,512,65.0,5,11.289769413577893
4.6,89,16,6000,6.78,79990.0,0,256,65.0,5,11.289656905842868
4.2,76,4,4000,6.8,27999.0,10,64,50.67556634304207,2,10.239924074233857
4.55,85,6,4300,6.8,49999.0,10,128,25.0,5,10.81975828421028
4.3,85,6,4300,6.8,54999.0,10,128,25.0,5,10.915070282231135
4.05,91,8,5000,6.8,79990.0,10,128,50.67556634304207,5,11.289656905842868
4.75,91,8,5000,6.82,82990.0,10,128,50.67556634304207,5,11.326475397592494
4.3,64,3,4000,6.09,7124.0,9,32,10.0,5,8.871224644409553
4.4,64,4,3760,5.99,7499.0,9,64,50.67556634304207,5,8.92252495730139
4.65,75,4,5000,6.53,9990.0,9,64,20.0,5,9.2093398716426
4.3,72,4,5000,6.5,11490.0,9,128,18.0,5,9.3492323708428
4.75,75,4,5000,6.51,13990.0,9,64,15.0,5,9.546098067659527
4.15,84,8,5100,6.67,34990.0,9,128,68.0,5,10.462817585361734
4.0,87,12,5600,6.92,46990.0,9,256,68.0,5,10.757690092096862
4.7,87,16,5600,6.67,49990.0,9,256,68.0,5,10.819578264407616
4.45,88,12,5500,6.92,54990.0,9,256,125.0,5,10.91490662950186
4.6,89,16,5000,6.5,59999.0,9,512,120.0,5,11.002083174398681
4.75,88,12,5000,6.92,64999.0,9,256,120.0,5,11.082127164144046
4.5,69,6,5000,6.53,11990.0,2,128,18.0,5,9.39182824802156
4.3,63,6,4000,6.5,13990.0,2,128,10.0,5,9.546098067659527
4.7,70,4,5000,6.7,7999.0,17,64,25.0,5,8.987071812848821
4.4,74,4,5000,6.72,8199.0,17,64,25.0,5,9.011767474596178
4.05,77,6,5000,6.72,9499.0,17,128,25.0,5,9.158941808890182
4.7,68,4,5000,6.5,7999.0,17,64,15.0,5,8.987071812848821
4.35,74,4,5000,6.6,9099.0,17,64,15.0,5,9.11591979635669
4.65,66,4,5000,6.5,7599.0,17,64,15.0,5,8.935771938669784
4.3,71,4,5000,6.5,9490.0,17,64,50.67556634304207,5,9.157993891603974
4.1,67,3,5000,6.5,7499.0,17,32,15.0,5,8.92252495730139
4.75,71,4,6000,6.6,8999.0,17,64,15.0,5,9.104868739033948
4.45,67,3,5000,6.5,9499.0,17,32,15.0,5,9.158941808890182
4.3,68,4,5000,6.5,8899.0,17,128,15.0,5,9.093694189856862
4.2,64,3,5000,6.5,8990.0,17,32,18.0,5,9.103868127465667
4.3,68,4,5000,6.5,8690.0,17,64,15.0,5,9.069928218259438
4.15,79,6,6000,6.6,11110.0,17,128,25.0,5,9.315600882633676
4.15,76,4,6000,6.45,11450.0,17,128,25.0,5,9.345745008982385
4.2,71,6,6000,6.6,11000.0,17,128,25.0,5,9.305650551780507
4.7,77,4,6000,6.6,10631.0,17,128,25.0,5,9.271529540288606
4.75,75,4,5000,6.7,10999.0,17,128,25.0,5,9.305559638557117
4.7,74,6,5000,6.7,10390.0,17,128,25.0,5,9.248599084093273
4.55,70,4,5000,6.5,10299.0,17,64,15.0,5,9.239802082125802
4.4,72,4,5000,6.5,10900.0,17,128,15.0,5,9.296518068217235
4.35,71,4,5000,6.5,10990.0,17,64,15.0,5,9.304741047397666
4.4,72,4,6000,6.5,10999.0,17,64,15.0,5,9.305559638557117
4.5,70,4,5000,6.5,10490.0,17,64,15.0,5,9.258177701390343
4.7,83,6,6000,6.5,12999.0,17,128,25.0,5,9.47262771040802
4.35,75,4,6000,6.45,12999.0,17,128,25.0,5,9.47262771040802
3.95,82,6,6000,6.5,13999.0,17,128,25.0,5,9.546741177474825
4.05,79,6,6000,6.45,12332.0,17,128,25.0,5,9.419952789006041
4.15,77,6,6000,6.45,13429.0,17,128,25.0,5,9.505171826581176
4.65,82,8,5000,6.6,13599.0,17,128,15.0,5,9.517751539608959
4.1,78,6,5000,6.7,12490.0,17,128,25.0,5,9.432683603119623
4.65,76,4,5000,6.6,14199.0,17,128,15.0,5,9.560926818574357
4.45,75,4,5000,6.6,12990.0,17,128,25.0,1,9.471935109664646
4.25,77,6,6000,6.5,12990.0,17,64,50.67556634304207,5,9.471935109664646
4.15,81,8,6000,6.45,15999.0,17,128,25.0,5,9.680281499268713
4.45,75,6,6000,6.5,17990.0,17,128,25.0,5,9.79757132694458
4.2,80,8,6000,6.45,15999.0,17,128,25.0,5,9.680281499268713
4.0,84,8,6000,6.5,15982.0,17,128,25.0,5,9.679218367934409
4.45,76,8,7000,6.73,16990.0,17,128,35.0,5,9.740380214665977
4.25,79,6,5000,6.5,17900.0,17,128,25.0,5,9.792555991828847
4.65,79,6,5000,6.6,17499.0,17,128,25.0,5,9.769899015421748
4.35,80,8,5000,6.5,16990.0,17,128,25.0,5,9.740380214665977
4.55,70,4,5000,6.67,16990.0,17,128,25.0,5,9.740380214665977
4.5,80,6,5000,6.6,17999.0,17,128,25.0,5,9.798071479779479
4.75,79,6,5000,6.6,15999.0,17,128,15.0,5,9.680281499268713
4.0,79,6,5000,6.5,17999.0,17,128,25.0,5,9.798071479779479
4.3,75,4,5000,6.4,15999.0,17,128,18.0,5,9.680281499268713
4.3,81,6,6000,6.6,17999.0,17,128,25.0,5,9.798071479779479
4.6,87,8,5000,6.7,26990.0,17,128,45.0,5,10.20322170601205
4.55,86,8,5000,6.67,24999.0,17,128,45.0,5,10.126591103050316
4.05,89,8,6000,6.7,22863.0,17,256,25.0,5,10.037275162334227
4.65,85,8,5000,6.6,27899.0,17,128,25.0,5,10.236346124873199
4.1,87,8,5000,6.7,24990.0,17,256,45.0,5,10.126231023828998
4.55,87,8,5000,6.67,26690.0,17,256,45.0,5,10.19204424239857
4.1,85,8,6000,6.5,25171.0,17,256,25.0,5,10.13344781717726
4.05,84,8,5000,6.5,21499.0,17,128,25.0,5,9.975761701406148
4.0,86,8,5000,6.6,24499.0,17,128,25.0,5,10.106387579373278
4.55,83,6,5000,6.7,21390.0,17,128,25.0,5,9.970678802076451
4.35,85,6,7000,6.7,24999.0,17,128,33.0,5,10.126591103050316
4.65,89,8,5000,6.5,26899.0,17,128,25.0,5,10.199844390177743
4.55,82,8,5000,6.5,22492.0,17,256,25.0,5,10.020914969412093
4.25,85,8,5000,6.5,23999.0,17,256,25.0,5,10.085767441795337
4.7,86,8,5000,6.6,26499.0,17,256,25.0,5,10.184862275413241
4.55,85,8,4500,6.4,36880.0,17,128,25.0,5,10.51542467767053
4.35,88,8,5000,6.6,36999.0,17,128,25.0,5,10.518646164234097
4.35,87,8,4500,6.4,33779.0,17,256,25.0,5,10.427594586608032
4.65,86,8,3700,6.1,36999.0,17,128,25.0,5,10.518646164234097
4.7,86,8,4500,6.4,32883.0,17,128,25.0,5,10.400711085883833
4.55,88,8,5000,6.4,33499.0,17,128,25.0,5,10.419270866621346
4.1,86,8,4500,6.4,29999.0,17,128,25.0,5,10.308919326755392
4.55,89,8,5000,6.4,35499.0,17,256,25.0,5,10.477259806052668
4.5,79,8,5000,6.82,34990.0,17,128,50.0,5,10.462817585361734
4.0,87,8,4500,6.4,41740.0,17,256,25.0,5,10.639215180631192
4.3,80,8,5000,6.72,43990.0,17,128,45.0,5,10.691717614342766
4.15,84,12,5100,6.83,124990.0,17,256,65.0,5,11.735989013084268
4.05,94,12,5000,6.8,89748.0,17,256,45.0,5,11.404761021979668
4.25,89,8,4000,6.2,79999.0,17,256,25.0,3,11.289769413577893
4.6,93,12,5000,6.8,99999.0,17,256,45.0,5,11.512915464920228
4.35,82,12,4800,6.73,74990.0,17,256,67.0,5,11.225110050295434
4.15,89,12,4900,6.7,99999.0,17,256,45.0,3,11.512915464920228
4.45,94,12,5000,6.8,104999.0,17,512,45.0,5,11.561706105284784
4.2,94,12,5000,6.8,81999.0,17,512,45.0,5,11.314462331050079
4.25,93,12,5000,6.8,105999.0,17,256,25.0,5,11.57118493908744
4.05,94,12,5000,6.9,103000.0,17,128,45.0,5,11.542484267211773
4.65,88,8,4000,6.2,74999.0,17,128,25.0,3,11.225230059096225
4.15,72,4,5000,6.56,8999.0,20,128,15.0,5,9.104868739033948
4.15,71,6,5000,6.58,8990.0,20,64,18.0,5,9.103868127465667
4.2,68,4,5000,6.51,8999.0,20,64,10.0,5,9.104868739033948
4.2,64,4,5000,6.51,8980.0,20,64,18.0,5,9.102755161296246
4.5,53,2,5000,6.51,8999.0,20,32,10.0,5,9.104868739033948
4.35,54,3,5000,6.51,8489.0,20,32,10.0,5,9.046526486737967
4.2,64,4,5000,6.51,9999.0,20,64,18.0,5,9.21024036697585
4.2,75,4,6000,6.72,13499.0,20,128,44.0,5,9.510370887608827
4.4,78,6,5000,6.58,12999.0,20,128,18.0,5,9.47262771040802
4.35,75,4,5000,6.56,13999.0,20,128,15.0,5,9.546741177474825
4.45,80,8,5000,6.64,12749.0,20,128,44.0,5,9.453208116138121
4.2,77,8,6000,6.64,12990.0,20,128,44.0,5,9.471935109664646
4.1,79,8,5000,6.58,13950.0,20,128,44.0,5,9.543234787249512
4.1,71,4,5000,6.35,12990.0,20,128,50.67556634304207,5,9.471935109664646
4.7,77,4,5000,6.44,14499.0,20,128,44.0,5,9.581834960513193
4.2,79,8,5000,6.64,12990.0,20,128,44.0,5,9.471935109664646
4.3,78,4,5000,6.58,14499.0,20,128,18.0,5,9.581834960513193
4.2,80,8,6000,6.72,16499.0,20,128,44.0,5,9.711055051991444
4.4,73,4,5000,6.6,15990.0,20,128,18.0,5,9.679718805828
4.75,79,6,4500,6.38,15999.0,20,128,44.0,5,9.680281499268713
4.05,77,6,5000,6.56,15499.0,20,128,15.0,5,9.648530784697051
4.3,83,8,5000,6.58,16299.0,20,128,18.0,5,9.698859035219632
4.3,81,8,6000,6.72,15990.0,20,128,44.0,5,9.679718805828
4.6,79,8,5000,6.56,16999.0,20,128,15.0,5,9.74090979777877
4.0,79,6,5000,6.44,17999.0,20,128,44.0,5,9.798071479779479
4.55,74,8,5000,6.78,17990.0,20,128,44.0,5,9.79757132694458
4.6,82,8,4500,6.38,17999.0,20,128,44.0,5,9.798071479779479
4.3,82,8,4500,6.38,17995.0,20,128,44.0,5,9.79784922051313
4.45,80,6,5000,6.58,15190.0,20,128,18.0,5,9.628392595589819
4.1,82,8,5000,6.6,18990.0,20,128,33.0,5,9.85166780380633
4.7,86,8,5500,6.78,27999.0,20,128,44.0,5,10.239924074233857
4.15,86,8,5000,6.6,24990.0,20,128,80.0,5,10.126231023828998
4.4,81,8,4600,6.78,23999.0,20,128,66.0,5,10.085767441795337
4.6,85,8,5000,6.78,23499.0,20,128,44.0,5,10.064713146035349
4.55,83,8,5000,6.67,21999.0,20,256,44.0,5,9.998752276761909
4.05,81,8,4800,6.67,21999.0,20,128,44.0,5,9.998752276761909
4.5,82,8,4600,6.78,24999.0,20,256,66.0,5,10.126591103050316
4.75,82,8,4800,6.67,21499.0,20,256,44.0,5,9.975761701406148
4.3,76,4,5000,6.64,20999.0,20,128,15.0,5,9.952230096524119
4.65,81,8,5000,6.67,20999.0,20,128,44.0,5,9.952230096524119
4.2,86,8,5000,6.78,25299.0,20,256,44.0,5,10.138520148242751
4.65,83,8,4500,6.44,21490.0,20,128,44.0,5,9.975342989636555
4.55,83,8,5000,6.67,24999.0,20,128,44.0,5,10.126591103050316
4.5,80,8,6000,6.68,24990.0,20,256,44.0,5,10.126231023828998
4.55,82,8,4500,6.38,20198.0,20,128,44.0,5,9.913338868586502
4.0,84,8,5000,6.78,30799.0,20,128,80.0,5,10.335237500902117
4.15,88,8,5000,6.7,35990.0,20,128,100.0,5,10.490996401073076
4.1,85,8,4600,6.78,32999.0,20,128,66.0,5,10.404232536959167
4.55,85,8,5000,6.78,35999.0,20,256,80.0,5,10.49124643927466
4.4,84,8,4600,6.78,36199.0,20,256,80.0,5,10.496786773122912
4.35,89,12,5000,6.82,39990.0,20,256,80.0,5,10.596384701840863
4.0,86,12,4600,6.78,33499.0,20,256,80.0,5,10.419270866621346
4.5,84,8,4600,6.78,37999.0,20,128,66.0,5,10.545315122572783
4.2,86,12,4600,6.78,36999.0,20,256,66.0,5,10.518646164234097
4.35,86,12,4830,6.56,31899.0,20,256,66.0,5,10.370329940319197
4.65,88,12,5000,6.78,36990.0,20,256,80.0,5,10.5184028848265
4.65,88,12,5000,6.78,45215.0,20,512,80.0,5,10.71918416917458
4.7,92,16,5000,6.78,69999.0,20,256,120.0,5,11.156236235215168
4.55,91,12,4870,6.78,68899.0,20,256,120.0,5,11.140396943108325
4.25,89,12,4810,6.78,63490.0,20,256,120.0,5,11.058637692164496
4.55,75,4,5000,6.74,8349.0,16,128,18.0,5,9.029897050194
4.75,70,4,5000,6.74,7820.0,16,64,33.0,5,8.964439833539357
4.05,75,6,5000,6.72,8890.0,16,64,33.0,5,9.09268232850795
4.25,74,6,5000,6.74,9478.0,16,128,33.0,5,9.156728602527533
4.65,76,6,5000,6.72,9764.0,16,128,33.0,5,9.186457431512851
4.0,73,4,5000,6.72,8999.0,16,64,33.0,5,9.104868739033948
4.0,76,6,5000,6.74,9489.0,16,64,18.0,5,9.15788851197376
4.6,70,4,5000,6.74,8744.0,16,128,33.0,5,9.076123029856374
4.4,73,4,5000,6.72,9800.0,16,64,33.0,5,9.190137664658664
4.45,63,4,5000,6.67,8990.0,16,64,15.0,5,9.103868127465667
4.55,75,4,5000,6.72,11049.0,16,128,33.0,5,9.310095205113175
4.65,76,6,5000,6.72,10190.0,16,128,33.0,5,9.229162126216771
4.6,75,8,5000,6.74,10466.0,16,128,33.0,5,9.255887186932153
4.4,75,6,5000,6.6,10990.0,16,128,18.0,5,9.304741047397666
3.95,74,4,5000,6.6,10499.0,16,64,33.0,5,9.259035293514941
4.25,75,4,5000,6.6,10750.0,16,64,33.0,5,9.28266103355581
4.4,71,4,6000,6.5,10899.0,16,64,18.0,5,9.296426320889312
4.6,72,4,5000,6.6,10999.0,16,128,18.0,5,9.305559638557117
4.7,77,6,5000,6.72,12877.0,16,128,45.0,5,9.463198053273784
4.15,77,6,5000,6.72,13374.0,16,128,45.0,5,9.501067802613925
4.6,75,6,5000,6.67,12499.0,16,128,15.0,5,9.433403920090221
4.65,79,8,5000,6.72,12900.0,16,128,33.0,5,9.464982590349763
4.05,78,6,5000,6.78,12999.0,16,128,67.0,5,9.47262771040802
4.15,78,6,5000,6.72,13489.0,16,128,33.0,5,9.50962981746968
4.55,75,4,4500,6.59,12999.0,16,64,33.0,5,9.47262771040802
4.35,81,6,5000,6.4,12990.0,16,128,30.0,5,9.471935109664646
4.65,75,4,5000,6.74,12990.0,16,64,67.0,5,9.471935109664646
4.6,78,6,5000,6.5,13999.0,16,64,30.0,5,9.546741177474825
4.4,80,6,5000,6.67,15999.0,16,128,45.0,5,9.680281499268713
4.0,80,6,5000,6.67,15323.0,16,128,45.0,5,9.637110246578176
4.0,84,8,5000,6.67,18708.0,16,128,67.0,5,9.836706518845777
4.25,82,8,5000,6.43,16485.0,16,128,33.0,5,9.710206155505832
4.55,83,8,5000,6.67,18398.0,16,256,45.0,5,9.819997242037102
4.0,83,8,5000,6.67,18577.0,16,128,67.0,5,9.829679535391405
4.4,78,6,5000,6.72,16499.0,16,128,45.0,5,9.711055051991444
4.1,83,8,5000,6.67,16400.0,16,128,45.0,5,9.70503661381229
4.3,82,8,5000,6.67,16949.0,16,128,45.0,5,9.737964114018055
4.2,85,8,5000,6.72,17990.0,16,128,67.0,5,9.79757132694458
4.65,84,8,5000,6.72,17949.0,16,256,67.0,5,9.795289682058142
4.4,81,8,5000,6.72,16998.0,16,128,45.0,5,9.740850969058572
4.75,83,8,5000,6.72,17789.0,16,128,67.0,5,9.78633556772527
4.5,79,8,5000,6.4,16500.0,16,128,33.0,5,9.711115659888671
4.4,86,12,5500,6.78,24999.0,16,256,120.0,5,10.126591103050316
4.4,82,8,5000,6.7,21828.0,16,128,67.0,5,9.990948828306122
4.05,85,8,5000,6.7,27875.0,16,128,67.0,5,10.23548550876242
4.0,80,8,5000,6.7,21477.0,16,128,45.0,5,9.974737874064294
4.65,83,8,5000,6.7,23880.0,16,128,80.0,5,10.080796567506539
4.5,85,8,4500,6.43,23999.0,16,128,65.0,5,10.085767441795337
4.35,82,8,5000,6.7,23900.0,16,256,67.0,5,10.081633737919603
4.2,84,8,5000,6.67,20615.0,16,256,67.0,5,9.933774245141
4.75,83,8,5000,6.7,23999.0,16,128,67.0,5,10.085767441795337
4.2,84,12,4500,6.7,23649.0,16,256,150.0,5,10.071076109728018
4.4,86,8,5000,6.7,29004.0,16,256,67.0,5,10.275189030491484
4.25,81,8,5000,6.7,22799.0,16,256,45.0,5,10.034471954331547
4.1,83,12,5000,6.7,26999.0,16,256,67.0,5,10.203555107263542
4.45,82,6,5000,6.7,24150.0,16,128,67.0,5,10.092039659080719
4.15,84,8,5500,6.74,29999.0,16,128,120.0,5,10.308919326755392
4.15,86,12,5000,6.7,30990.0,16,256,67.0,5,10.341419850781794
4.55,88,8,5000,6.7,33900.0,16,128,65.0,5,10.431170293368542
4.45,90,8,4800,6.8,54990.0,16,256,250.0,5,10.91490662950186
4.25,89,8,5000,6.7,54999.0,16,128,65.0,5,10.915070282231135
4.55,80,8,5000,6.7,52990.0,16,128,80.0,5,10.877858495486807
4.15,88,8,5000,8.0,94990.0,16,128,65.0,5,11.461526901884229
4.0,91,8,5000,7.2,104990.0,16,128,67.0,5,11.561620386508986
4.55,88,8,4500,6.67,89990.0,16,128,67.0,5,11.407453832027993
4.55,78,8,6000,6.6,8999.0,11,128,30.0,5,9.104868739033948
4.75,80,8,5000,6.55,9999.0,11,128,33.0,5,9.21024036697585
4.6,75,4,6000,6.6,7999.0,11,128,30.0,5,8.987071812848821
4.35,65,4,5000,6.56,6999.0,11,64,15.0,5,8.85352256068954
4.1,71,8,5000,6.56,7999.0,11,128,15.0,5,8.987071812848821
4.35,75,4,5000,6.47,8499.0,11,64,20.0,5,9.047703788498627
4.05,68,4,5000,6.5,8499.0,11,128,20.0,5,9.047703788498627
4.3,73,8,5000,6.5,7998.0,11,128,10.0,5,8.986946789406764
4.45,67,3,5000,6.56,6999.0,11,64,18.0,5,8.85352256068954
4.7,67,4,5000,6.5,6999.0,11,64,10.0,5,8.85352256068954
4.2,74,4,5000,6.5,8999.0,11,128,10.0,5,9.104868739033948
4.75,64,4,5000,6.67,8990.0,11,128,18.0,5,9.103868127465667
4.7,70,4,5000,6.5,6999.0,11,64,10.0,5,8.85352256068954
4.45,71,4,5000,6.5,6999.0,11,64,10.0,5,8.85352256068954
4.05,75,4,5000,6.53,7999.0,11,64,20.0,5,8.987071812848821
4.05,70,4,5000,6.56,8990.0,11,64,15.0,5,9.103868127465667
4.6,73,4,5000,6.56,9990.0,11,128,15.0,5,9.2093398716426
4.25,77,8,5000,6.5,11999.0,11,128,18.0,5,9.392578591964389
4.65,74,4,5000,6.5,10999.0,11,128,18.0,5,9.305559638557117
4.7,82,8,6000,6.58,11999.0,11,128,18.0,5,9.392578591964389
4.15,75,4,5000,6.55,9999.0,11,64,33.0,5,9.21024036697585
4.4,75,4,5000,6.6,10999.0,11,64,33.0,5,9.305559638557117
4.6,66,3,5000,6.5,11999.0,11,32,10.0,5,9.392578591964389
4.15,69,4,4020,6.5,10990.0,11,64,10.0,5,9.304741047397666
4.1,72,4,5000,6.5,9990.0,11,64,50.67556634304207,5,9.2093398716426
4.0,67,4,5000,6.5,9999.0,11,64,18.0,5,9.21024036697585
4.0,70,4,5000,6.5,11999.0,11,64,18.0,5,9.392578591964389
4.6,75,4,5000,6.51,10990.0,11,64,15.0,5,9.304741047397666
4.4,84,8,6000,6.5,14999.0,11,128,33.0,5,9.61573881119536
4.3,84,8,6000,6.5,14999.0,11,128,33.0,5,9.61573881119536
4.5,84,6,6000,6.78,14989.0,11,128,20.0,5,9.615071877730596
4.3,77,4,6000,6.78,12490.0,11,64,20.0,5,9.432683603119623
4.5,83,8,6000,6.56,14990.0,11,128,33.0,5,9.615138591096644
4.4,78,4,5000,6.58,14990.0,11,128,67.0,5,9.615138591096644
4.55,73,6,5000,6.56,12990.0,11,128,33.0,5,9.471935109664646
4.35,78,4,5000,6.47,13990.0,11,64,20.0,5,9.546098067659527
4.0,81,8,5000,6.67,12990.0,11,128,44.0,5,9.471935109664646
4.3,80,4,5000,6.67,13990.0,11,128,33.0,5,9.546098067659527
4.0,71,4,5000,6.5,12990.0,11,64,15.0,5,9.471935109664646
4.45,76,4,5000,6.6,14999.0,11,64,33.0,5,9.61573881119536
4.6,78,6,5000,6.47,12999.0,11,128,20.0,5,9.47262771040802
4.1,85,12,6000,6.5,16999.0,11,256,33.0,5,9.74090979777877
4.15,86,12,5000,6.55,18928.0,11,256,30.0,5,9.848397586218168
4.5,85,12,6000,6.5,16999.0,11,256,33.0,5,9.74090979777877
4.3,86,8,5000,6.6,17990.0,11,128,30.0,5,9.79757132694458
4.0,83,8,4020,6.28,19999.0,11,128,33.0,5,9.903437551286085
4.35,86,8,6000,6.6,19990.0,11,128,33.0,5,9.902987427494446
4.05,86,8,5000,6.56,19990.0,11,128,44.0,5,9.902987427494446
4.65,82,6,5000,6.55,16999.0,11,128,33.0,5,9.74090979777877
4.55,83,8,5000,6.55,15990.0,11,128,50.67556634304207,5,9.679718805828
4.4,77,4,5000,6.5,19999.0,11,128,30.0,5,9.903437551286085
4.55,76,8,6000,6.5,15990.0,11,128,44.0,5,9.679718805828
4.1,75,4,5000,6.6,16990.0,11,128,18.0,5,9.740380214665977
4.35,74,4,5000,6.5,19999.0,11,128,30.0,5,9.903437551286085
4.1,75,4,5000,6.5,19990.0,11,128,15.0,5,9.902987427494446
4.5,84,8,5000,6.55,20999.0,11,128,68.0,5,9.952230096524119
4.0,85,12,5000,6.55,22999.0,11,256,68.0,5,10.043206015705211
4.6,87,8,4400,6.55,26999.0,11,256,68.0,5,10.203555107263542
4.05,87,12,5000,6.56,20990.0,11,256,67.0,5,9.951801412814678
4.55,78,12,5000,6.67,29999.0,11,256,80.0,5,10.308919326755392
4.55,86,8,5000,6.56,24999.0,11,256,68.0,5,10.126591103050316
4.45,86,12,5000,6.55,29999.0,11,256,30.0,5,10.308919326755392
4.65,85,8,4020,6.5,21999.0,11,128,33.0,5,9.998752276761909
4.35,83,6,4020,6.5,24999.0,11,128,33.0,5,10.126591103050316
4.15,87,8,4000,6.7,22999.0,11,128,30.0,5,10.043206015705211
4.7,83,6,5000,6.6,20990.0,11,128,30.0,5,9.951801412814678
4.3,85,6,5000,6.8,23990.0,11,128,33.0,5,10.08539235583374
4.15,85,8,5000,6.7,25999.0,11,128,30.0,5,10.165813354725493
4.65,84,8,4500,6.58,29990.0,11,128,44.0,5,10.308619271743055
3.9,82,6,5000,6.67,20999.0,11,128,20.0,5,9.952230096524119
4.7,87,8,4500,6.7,31999.0,11,256,68.0,5,10.373459931293572
4.65,85,8,5000,6.7,34990.0,11,128,68.0,5,10.462817585361734
4.4,88,12,4500,6.7,35999.0,11,256,125.0,5,10.49124643927466
4.75,87,8,5000,6.7,33499.0,11,256,30.0,5,10.419270866621346
4.4,88,8,4400,6.55,30990.0,11,128,68.0,5,10.341419850781794
4.55,89,8,4800,6.7,39990.0,11,128,68.0,5,10.596384701840863
4.15,71,6,4600,6.58,34990.0,11,128,67.0,5,10.462817585361734
4.65,89,8,4600,6.7,39999.0,11,128,125.0,5,10.596609732783568
4.0,85,8,4020,6.28,31990.0,11,128,68.0,5,10.373178632943564
4.3,87,12,5000,6.7,37999.0,11,512,68.0,5,10.545315122572783
4.35,77,8,4400,6.6,39990.0,11,256,68.0,5,10.596384701840863
4.3,83,6,5000,6.6,32990.0,11,256,20.0,5,10.403959764222627
4.15,77,8,4700,6.67,39990.0,11,128,80.0,5,10.596384701840863
4.2,85,8,5000,6.56,35999.0,11,256,33.0,5,10.49124643927466
4.3,84,8,5000,6.67,34990.0,11,128,68.0,5,10.462817585361734
4.2,87,8,5000,6.6,39990.0,11,256,30.0,5,10.596384701840863
4.5,86,8,5000,6.8,37990.0,11,256,50.67556634304207,5,10.54507824618167
4.65,92,12,5000,6.8,49990.0,11,256,135.0,5,10.819578264407616
4.45,83,12,5000,6.78,49990.0,11,256,125.0,5,10.819578264407616
4.15,89,8,4200,6.9,44999.0,11,256,30.0,5,10.714395546283317
4.1,89,12,5000,6.7,49999.0,11,256,18.0,5,10.81975828421028
4.4,88,8,4500,6.67,42990.0,11,128,68.0,5,10.668722809490328
4.75,89,8,5000,6.6,49990.0,11,128,68.0,5,10.819578264407616
4.75,91,8,4450,6.67,41990.0,11,128,125.0,5,10.645186773678239
4.4,81,6,5000,6.58,45990.0,11,128,15.0,5,10.73617926053397
4.25,91,12,5000,6.7,46999.0,11,256,68.0,5,10.757881603870102
4.0,86,8,5100,6.7,39999.0,11,128,50.67556634304207,5,10.596609732783568
4.6,78,8,5000,6.67,55990.0,11,256,80.0,5,10.932928382342938
4.15,84,12,4600,6.79,59990.0,11,512,150.0,5,11.00193316064714
4.7,89,8,4200,6.9,59990.0,11,128,44.0,5,11.00193316064714
4.15,84,12,5000,6.82,54990.0,11,256,150.0,5,10.91490662950186
4.0,91,8,5100,6.67,54990.0,11,512,68.0,5,10.91490662950186
4.3,92,8,4450,6.67,59990.0,11,128,125.0,5,11.00193316064714
4.2,90,8,5000,6.7,54990.0,11,128,68.0,5,10.91490662950186
4.05,90,8,4500,6.7,59990.0,11,128,125.0,5,11.00193316064714
4.35,93,12,4500,6.7,88990.0,11,512,125.0,5,11.396279282850909
4.55,92,8,4610,6.67,69999.0,11,128,125.0,5,11.156236235215168
4.2,89,8,3800,6.9,69999.0,11,256,30.0,5,11.156236235215168
4.15,86,12,4600,6.82,69990.0,11,512,150.0,5,11.156107653683586
4.1,86,12,3500,5.0,159990.0,11,512,65.0,5,11.982866592262758
4.7,91,12,4000,6.9,89990.0,11,256,50.67556634304207,5,11.407453832027993
4.4,92,12,4600,6.67,79990.0,11,256,125.0,5,11.289656905842868
4.4,89,8,3800,6.9,79990.0,11,256,30.0,5,11.289656905842868
4.1,81,8,4000,6.9,74999.0,11,256,30.0,5,11.225230059096225
4.4,91,12,4000,6.9,89990.0,11,256,50.67556634304207,5,11.407453832027993
4.1,87,8,3440,6.67,89990.0,11,128,33.0,5,11.407453832027993
4.0,89,12,3500,6.73,129990.0,11,512,33.0,5,11.775212803402065
4.05,90,8,4500,6.67,62990.0,11,128,125.0,5,11.050731262615974
4.4,87,12,2800,6.7,94990.0,11,512,33.0,5,11.461526901884229
4.25,69,4,6000,6.52,14999.0,13,64,18.0,5,9.61573881119536
4.7,84,8,5000,6.7,20000.0,13,128,80.0,5,9.903487552536127
4.25,85,8,5000,6.72,16899.0,13,128,67.0,5,9.735009727562824
4.5,86,8,5000,6.72,18879.0,13,256,67.0,5,9.845805472195043
4.0,81,6,5000,6.59,16134.0,13,128,33.0,5,9.68868412549692
4.6,82,6,4500,6.43,18999.0,13,128,65.0,5,9.85214162518454
4.45,75,4,5000,6.49,16990.0,13,64,18.0,5,9.740380214665977
4.65,76,4,5000,6.72,18999.0,13,128,33.0,5,9.85214162518454
4.15,77,8,4300,6.55,19999.0,13,128,30.0,5,9.903437551286085
4.3,75,4,5000,6.56,18990.0,13,64,33.0,5,9.85166780380633
4.2,83,8,5500,6.7,24454.0,13,128,100.0,5,10.104549080704135
4.4,85,8,5000,6.74,29999.0,13,128,100.0,5,10.308919326755392
4.7,84,8,5000,6.7,20065.0,13,128,80.0,5,9.906732282701016
4.15,85,8,5000,6.74,22592.0,13,128,80.0,5,10.025351140292969
4.7,85,8,5000,6.74,20990.0,13,128,67.0,5,9.951801412814678
4.0,84,8,5500,6.7,26674.0,13,256,100.0,5,10.19144458718234
4.2,85,12,4500,6.43,22999.0,13,256,80.0,5,10.043206015705211
4.6,84,12,5500,6.74,23999.0,13,256,100.0,5,10.085767441795337
4.4,85,8,4500,6.43,22499.0,13,128,65.0,5,10.021226142760383
4.45,86,8,4500,6.55,29990.0,13,128,65.0,5,10.308619271743055
4.1,88,12,4500,6.55,29990.0,13,256,65.0,5,10.308619271743055
4.1,87,8,5000,6.7,29990.0,13,256,80.0,5,10.308619271743055
4.15,83,8,5000,6.59,22990.0,13,128,50.67556634304207,5,10.042814617757227
4.45,85,8,4500,6.62,29990.0,13,128,50.67556634304207,5,10.308619271743055
4.3,84,8,5000,6.59,20999.0,13,128,33.0,5,9.952230096524119
4.05,78,8,5000,6.78,22990.0,13,256,80.0,5,10.042814617757227
4.5,85,8,5000,6.78,24990.0,13,128,40.0,5,10.126231023828998
4.4,87,8,5000,6.72,24990.0,13,128,67.0,5,10.126231023828998
4.1,85,8,5000,6.59,24999.0,13,256,33.0,5,10.126591103050316
4.35,84,8,3800,6.55,29990.0,13,128,30.0,5,10.308619271743055
4.35,85,8,5000,6.78,32999.0,13,128,120.0,5,10.404232536959167
4.75,85,8,5500,6.78,35990.0,13,128,100.0,5,10.490996401073076
4.55,87,16,5000,6.74,35609.0,13,256,100.0,5,10.480353693878078
4.65,89,8,5000,6.7,39888.0,13,128,80.0,5,10.59383080576334
4.6,86,12,5500,6.78,30999.0,13,256,100.0,5,10.341710224882465
4.15,84,8,5000,6.7,30999.0,13,128,80.0,5,10.341710224882465
4.6,85,8,4800,6.7,33990.0,13,128,150.0,5,10.433821642690162
4.5,86,12,4500,6.43,34999.0,13,256,65.0,5,10.463074768634808
4.75,86,8,5000,6.57,34999.0,13,128,120.0,5,10.463074768634808
4.45,87,12,4500,6.55,32990.0,13,256,50.67556634304207,5,10.403959764222627
4.45,86,12,5000,6.74,34990.0,13,256,150.0,5,10.462817585361734
4.2,84,8,4500,6.43,29990.0,13,128,80.0,5,10.308619271743055
4.5,87,12,5000,6.74,34999.0,13,256,100.0,5,10.463074768634808
4.6,87,16,5500,6.78,42437.0,13,256,100.0,5,10.655775902199244
4.5,89,8,5000,6.7,43889.0,13,128,100.0,5,10.689418998189405
4.55,86,8,5500,6.78,40108.0,13,256,100.0,5,10.599331094643816
4.0,87,8,5500,6.81,45990.0,13,256,120.0,5,10.73617926053397
4.05,90,12,5000,6.7,47998.0,13,256,80.0,5,10.778914622355282
4.4,92,12,6100,6.82,49990.0,13,256,100.0,5,10.819578264407616
4.0,89,12,4500,6.7,46990.0,13,256,65.0,5,10.757690092096862
4.25,88,8,4500,6.7,41990.0,13,128,65.0,5,10.645186773678239
4.2,85,8,5000,6.72,49990.0,13,128,150.0,5,10.819578264407616
4.35,86,12,4800,6.7,47990.0,13,256,150.0,5,10.77874793485229
4.6,87,16,4800,6.7,43299.0,13,256,150.0,5,10.675884819035673
4.75,85,8,4500,6.62,44990.0,13,128,50.67556634304207,5,10.714195521835219
4.6,85,12,4500,6.62,42999.0,13,256,65.0,5,10.668932138591325
4.45,93,12,5400,6.82,58699.0,13,256,100.0,5,10.98017796989595
4.0,90,16,5000,6.7,50999.0,13,256,100.0,5,10.83956130367109
4.35,90,16,5000,6.7,58990.0,13,256,100.0,5,10.98512321699712
4.4,89,8,5000,6.7,59990.0,13,128,120.0,5,11.00193316064714
4.3,85,8,4800,6.7,55999.0,13,128,150.0,5,10.933089112414988
4.45,87,12,4800,6.7,54999.0,13,256,150.0,5,10.915070282231135
4.35,94,16,5400,6.82,63359.0,13,512,100.0,5,11.056572243535474
4.35,85,12,5500,6.8,64990.0,13,256,120.0,5,11.081988690888394
4.3,93,12,4800,6.73,69999.0,13,256,100.0,5,11.156236235215168
4.1,96,16,4805,7.82,129990.0,13,512,67.0,5,11.775212803402065
4.15,86,12,4800,6.78,70990.0,13,256,200.0,5,11.170294301033431
4.5,90,8,4500,6.7,69999.0,13,128,100.0,5,11.156236235215168
4.35,90,16,5000,6.7,59990.0,13,256,100.0,5,11.00193316064714
4.4,89,12,4500,6.78,79990.0,13,256,67.0,5,11.289656905842868
4.45,92,12,5000,6.7,74999.0,13,512,80.0,5,11.225230059096225
4.45,88,12,4000,6.67,62999.0,13,256,50.67556634304207,5,11.050874132231819
4.15,90,16,5000,6.7,64990.0,13,256,100.0,5,11.081988690888394
4.15,90,16,5000,6.7,64990.0,13,256,100.0,5,11.081988690888394
4.7,90,8,5000,6.7,69999.0,13,128,80.0,5,11.156236235215168
4.5,73,4,5000,6.74,7699.0,21,128,18.0,5,8.94884572927805
4.4,64,3,5000,6.71,6999.0,21,64,10.0,5,8.85352256068954
4.6,75,6,5000,6.74,8499.0,21,128,18.0,5,9.047703788498627
4.5,75,4,5000,6.79,9190.0,21,128,18.0,5,9.125871215349733
4.7,66,4,5000,6.52,7900.0,21,64,10.0,5,8.974618038455112
4.75,77,6,5000,6.79,9999.0,21,128,18.0,5,9.21024036697585
4.4,69,6,5000,6.71,8999.0,21,128,10.0,5,9.104868739033948
4.4,67,4,5000,6.71,7890.0,21,128,10.0,5,8.97335141383992
4.4,76,6,5000,6.58,9998.0,21,128,18.0,5,9.210140351973516
4.6,71,4,6000,6.7,8990.0,21,64,18.0,5,9.103868127465667
4.1,75,4,4000,6.3,9990.0,21,64,18.0,5,9.2093398716426
4.25,66,4,5000,6.52,7990.0,21,64,10.0,5,8.98594603876032
3.9,77,4,5000,6.67,11159.0,21,128,33.0,5,9.320001626185702
4.5,74,4,5000,6.74,10499.0,21,128,18.0,5,9.259035293514941
4.55,75,4,5000,6.79,11350.0,21,128,18.0,5,9.336973022909548
4.0,76,6,5000,6.74,11999.0,21,128,18.0,5,9.392578591964389
4.55,78,8,5000,6.74,10269.0,21,256,18.0,5,9.236884927198295
4.7,79,6,5000,6.67,11489.0,21,64,33.0,5,9.349145334853365
4.55,80,6,5000,6.43,11425.0,21,128,33.0,5,9.343559215762406
4.75,77,6,5000,6.79,9998.0,21,128,18.0,5,9.210140351973516
4.6,75,4,5000,6.79,11990.0,21,128,18.0,5,9.39182824802156
4.45,74,4,5000,6.58,10490.0,21,64,18.0,5,9.258177701390343
4.3,74,4,4030,6.08,11499.0,21,64,18.0,5,9.350015354048665
4.5,76,4,5000,6.43,10999.0,21,64,33.0,5,9.305559638557117
4.7,75,4,5000,6.74,11999.0,21,128,18.0,5,9.392578591964389
4.55,75,6,6000,6.7,10490.0,21,128,18.0,5,9.258177701390343
4.5,74,4,6000,6.5,10990.0,21,64,18.0,5,9.304741047397666
4.6,77,8,6000,6.7,10949.0,21,128,18.0,5,9.301003406873425
4.6,80,8,5000,6.79,13999.0,21,256,18.0,5,9.546741177474825
4.75,77,6,5000,6.79,12120.0,21,128,18.0,5,9.402612259623305
4.65,79,8,5000,6.74,13999.0,21,256,18.0,5,9.546741177474825
4.4,80,6,5000,6.67,12239.0,21,128,33.0,5,9.412382853382338
4.55,80,6,5000,6.43,12428.0,21,128,33.0,5,9.427707270512938
4.4,78,6,5000,6.43,13490.0,21,64,33.0,5,9.509703949201802
4.5,77,6,5000,6.82,12499.0,21,128,33.0,5,9.433403920090221
4.05,76,4,4050,6.53,13999.0,21,64,18.0,5,9.546741177474825
4.05,73,4,5000,6.58,12990.0,21,128,18.0,5,9.471935109664646
4.55,75,4,5000,6.5,13990.0,21,64,18.0,5,9.546098067659527
4.35,77,6,6000,6.53,12990.0,21,128,18.0,5,9.471935109664646
4.5,69,4,5000,6.58,13990.0,21,128,18.0,5,9.546098067659527
4.2,84,8,5000,6.43,13999.0,21,128,33.0,5,9.546741177474825
4.25,74,4,4000,6.3,12990.0,21,64,18.0,5,9.471935109664646
4.0,80,6,5000,6.67,13999.0,21,128,33.0,5,9.546741177474825
4.65,73,6,5000,6.67,14999.0,21,128,67.0,5,9.61573881119536
4.5,81,6,5000,6.67,15898.0,21,128,33.0,5,9.673948594133059
4.55,84,8,5000,6.67,18377.0,21,256,33.0,5,9.818855161695424
4.7,85,12,5000,6.67,20075.0,21,256,33.0,5,9.907230538814963
4.35,75,4,6000,6.67,17990.0,21,128,67.0,5,9.79757132694458
4.2,83,8,5000,6.67,17975.0,21,256,33.0,5,9.796737182589247
4.05,83,6,5200,6.67,19999.0,21,128,33.0,5,9.903437551286085
4.6,82,8,5000,6.73,15990.0,21,128,80.0,5,9.679718805828
4.2,84,8,5000,6.43,14999.0,21,128,33.0,5,9.61573881119536
4.1,81,6,5020,6.67,16890.0,21,128,33.0,5,9.734477009801846
4.75,83,6,5000,6.67,15990.0,21,128,33.0,5,9.679718805828
4.15,83,8,5000,6.6,18390.0,21,128,33.0,5,9.819562317598367
4.0,81,6,5000,6.67,17990.0,21,64,67.0,5,9.79757132694458
4.5,78,6,5000,6.43,15499.0,21,128,33.0,5,9.648530784697051
4.1,77,4,5020,6.67,15999.0,21,128,18.0,5,9.680281499268713
4.25,85,8,5080,6.51,18499.0,21,128,67.0,5,9.82547195555139
4.25,82,6,5080,6.6,19990.0,21,128,67.0,5,9.902987427494446
4.6,73,4,6000,6.7,14990.0,21,128,18.0,5,9.615138591096644
4.4,78,6,5000,6.43,14999.0,21,64,33.0,5,9.61573881119536
4.3,86,12,5000,6.67,23990.0,21,256,90.0,5,10.08539235583374
4.1,84,8,5100,6.67,22297.0,21,128,67.0,5,10.012207419250371
4.35,87,8,5000,6.67,28517.0,21,256,120.0,5,10.258255679654631
4.65,76,8,5000,6.74,24990.0,21,256,150.0,5,10.126231023828998
4.7,85,8,5100,6.67,24329.0,21,256,67.0,5,10.099424333412122
4.7,85,12,5000,6.67,20048.0,21,256,33.0,5,9.90588467713585
4.5,86,12,5100,6.67,26479.0,21,256,67.0,5,10.1841072449874
4.65,83,12,5000,6.67,27990.0,21,256,67.0,5,10.2396025825095
4.75,79,6,5000,6.67,24890.0,21,128,67.0,5,10.122221395361638
4.05,85,12,5500,6.67,23999.0,21,256,90.0,5,10.085767441795337
4.35,85,12,5000,6.67,29990.0,21,256,120.0,5,10.308619271743055
4.05,83,8,5000,6.71,23990.0,21,128,50.67556634304207,5,10.08539235583374
4.55,80,6,4520,6.67,22499.0,21,128,33.0,5,10.021226142760383
4.65,82,6,5080,6.6,27999.0,21,128,67.0,5,10.239924074233857
4.65,86,8,4980,6.67,27999.0,21,256,120.0,5,10.239924074233857
4.5,82,8,5000,6.67,23999.0,21,256,67.0,5,10.085767441795337
4.6,86,8,4250,6.55,24449.0,21,128,33.0,5,10.104344594271097
4.0,81,6,5160,6.67,24999.0,21,128,67.0,5,10.126591103050316
4.7,85,8,5000,6.67,23990.0,21,256,67.0,5,10.08539235583374
4.0,89,12,5000,6.77,34990.0,19,512,70.0,5,10.462817585361734
4.5,85,8,5160,6.8,36898.0,19,256,45.0,5,10.51591262801771
4.7,89,12,5160,6.8,44949.0,19,256,45.0,5,10.713283792711254
4.5,86,12,5500,6.82,49990.0,19,256,67.0,5,10.819578264407616
4.3,89,12,5500,6.82,54990.0,19,256,67.0,5,10.91490662950186
4.55,88,8,4000,6.9,54999.0,19,256,45.0,5,10.915070282231135
4.3,78,12,5500,6.83,52990.0,19,256,80.0,5,10.877858495486807
4.65,93,12,5000,7.85,74999.0,19,512,45.0,5,11.225230059096225
4.4,93,12,5000,7.85,69899.0,19,512,45.0,5,11.154806621967923
4.65,93,12,5000,7.9,89990.0,19,256,66.0,5,11.407453832027993
4.55,90,12,5000,7.11,99990.0,19,256,66.0,5,11.512825459969894
4.25,89,8,4000,6.75,89990.0,19,256,66.0,5,11.407453832027993
4.35,66,6,6000,6.75,14990.0,5,128,22.0,6,9.615138591096644
4.15,84,8,4000,6.78,19990.0,5,128,66.0,5,9.902987427494446
4.6,80,8,5000,6.7,16990.0,5,128,40.0,5,9.740380214665977
4.55,75,4,5000,6.67,18499.0,5,128,22.0,5,9.82547195555139
4.25,81,8,5000,6.7,24990.0,5,256,40.0,5,10.126231023828998
4.5,83,8,4500,6.7,26990.0,5,256,66.0,5,10.20322170601205
4.4,83,8,4500,6.67,24990.0,5,256,66.0,5,10.126231023828998
4.65,80,8,7000,6.95,23990.0,5,128,22.0,5,10.08539235583374
4.0,80,8,5000,6.8,23999.0,5,128,40.0,5,10.085767441795337
4.75,84,8,4500,6.67,23999.0,5,256,66.0,5,10.085767441795337
4.1,84,8,4000,6.78,29990.0,5,128,66.0,5,10.308619271743055
4.6,76,8,6000,6.75,21990.0,5,128,22.0,5,9.998343083548807
4.1,85,8,4500,6.67,22990.0,5,256,66.0,5,10.042814617757227
4.05,77,8,6000,6.75,20990.0,5,128,22.0,5,9.951801412814678
4.3,78,8,7000,6.95,20990.0,5,128,22.0,5,9.951801412814678
4.25,82,8,4000,6.67,29990.0,5,128,66.0,5,10.308619271743055
4.1,80,8,5000,6.7,22990.0,5,128,40.0,5,10.042814617757227
4.65,85,8,4500,6.78,42990.0,5,128,100.0,5,10.668722809490328
4.55,87,8,4000,6.73,59999.0,5,128,40.0,5,11.002083174398681
4.5,86,8,4000,6.73,59990.0,5,128,40.0,5,11.00193316064714
4.75,92,16,5200,6.8,115990.0,5,512,100.0,5,11.661259259475921
4.5,83,12,5050,6.8,74990.0,5,256,100.0,5,11.225110050295434
4.0,82,12,4900,6.6,63990.0,5,256,66.0,5,11.066482100133506
4.15,95,12,4500,6.53,214990.0,5,512,50.67556634304207,5,12.278346794400193
4.15,95,12,5000,6.82,79990.0,5,256,88.0,5,11.289656905842868
4.25,86,8,4500,6.76,99990.0,5,256,66.0,5,11.512825459969894
4.25,96,16,5000,6.82,134990.0,5,512,88.0,5,11.812955980602872
4.3,90,8,4400,6.76,69990.0,5,128,66.0,5,11.156107653683586
4.55,94,12,4400,6.76,121999.0,5,256,66.0,5,11.71176812696049
4.3,94,12,4400,6.76,191999.0,5,512,66.0,5,12.165245442663021
4.65,92,8,4200,6.58,82990.0,5,256,40.0,5,11.326475397592494
4.5,85,12,4900,6.67,69990.0,5,256,66.0,5,11.156107653683586
4.45,83,12,4520,6.94,92990.0,5,256,66.0,5,11.440247239472242
4.3,73,6,5000,6.5,11990.0,4,128,22.0,5,9.39182824802156
4.75,70,4,5000,6.5,11999.0,4,64,10.0,5,9.392578591964389
4.2,73,4,5200,6.56,12990.0,4,128,22.0,5,9.471935109664646
4.05,80,8,4800,6.81,16999.0,4,128,66.0,5,9.74090979777877
4.55,84,8,4500,6.7,17990.0,4,128,35.0,5,9.79757132694458
4.45,81,12,4500,6.7,18990.0,4,256,35.0,5,9.85166780380633
4.2,76,6,4000,6.7,16999.0,4,128,22.0,5,9.74090979777877
4.7,80,8,4500,6.7,17990.0,4,256,35.0,5,9.79757132694458
4.35,77,8,4000,6.7,17990.0,4,128,40.0,5,9.79757132694458
4.0,77,8,4000,6.7,18990.0,4,128,40.0,5,9.85166780380633
4.1,89,8,5000,6.7,25499.0,4,256,66.0,5,10.146394514691288
4.1,84,8,5800,6.78,21999.0,4,256,35.0,5,9.998752276761909
4.05,75,8,4300,6.67,24990.0,4,128,66.0,5,10.126231023828998
4.35,82,8,4500,6.7,24990.0,4,256,35.0,5,10.126231023828998
4.55,84,12,5800,6.78,23999.0,4,256,35.0,5,10.085767441795337
4.3,76,4,5330,6.8,21990.0,4,128,50.67556634304207,5,9.998343083548807
4.75,81,8,4800,6.7,24990.0,4,256,66.0,5,10.126231023828998
4.15,76,6,5100,6.67,23990.0,4,128,40.0,5,10.08539235583374
4.45,81,8,4500,7.09,24990.0,4,128,67.0,5,10.126231023828998
4.0,88,8,4700,6.7,39999.0,12,128,45.0,5,10.596609732783568
4.4,73,8,5000,6.6,7319.0,7,128,18.0,5,8.898228985601227
4.35,75,8,5000,6.6,10999.0,7,128,18.0,5,9.305559638557117
4.0,75,6,5000,6.6,10749.0,7,128,18.0,5,9.282568005973063
4.2,72,4,5000,6.6,10489.0,7,64,18.0,5,9.258082367961604
4.6,69,8,5000,6.67,10999.0,7,256,45.0,5,9.305559638557117
4.25,77,8,5000,6.78,14499.0,7,256,18.0,5,9.581834960513193
4.35,77,8,5000,6.58,9990.0,8,128,33.0,5,9.2093398716426
4.6,75,8,5000,6.5,7999.0,8,128,18.0,5,8.987071812848821
4.25,72,4,5000,6.5,9999.0,8,64,18.0,5,9.21024036697585
4.5,64,4,5000,6.5,6999.0,8,64,18.0,5,8.85352256068954
4.65,66,4,5000,6.5,7299.0,8,128,18.0,5,8.895492631451633
4.25,75,8,5000,6.5,8346.0,8,128,18.0,5,9.029537661151497
4.3,65,4,5000,6.5,6999.0,8,64,10.0,5,8.85352256068954
4.15,72,6,5000,6.7,8990.0,8,128,33.0,5,9.103868127465667
4.35,71,6,5000,6.6,8499.0,8,128,18.0,5,9.047703788498627
4.1,63,4,5000,6.56,6999.0,8,64,18.0,5,8.85352256068954
4.6,75,8,5000,6.5,9999.0,8,128,18.0,5,9.21024036697585
4.05,70,6,5000,6.5,7949.0,8,128,18.0,5,8.980801413573113
4.0,63,4,4000,6.51,9999.0,8,64,7.0,5,9.21024036697585
4.6,77,6,4500,6.7,23990.0,1,128,18.0,5,10.08539235583374
4.25,55,2,3000,6.0,7990.0,18,32,10.0,5,8.98594603876032
4.4,72,4,5010,6.75,9990.0,18,64,10.0,5,9.2093398716426
4.5,72,4,5000,6.6,9990.0,18,64,10.0,5,9.2093398716426
4.0,60,3,3000,6.0,8990.0,18,32,10.0,5,9.103868127465667
4.15,65,2,5000,6.6,10999.0,18,32,10.0,5,9.305559638557117
4.65,79,8,5010,6.6,13999.0,18,128,18.0,5,9.546741177474825
4.3,72,4,5010,6.6,13990.0,18,64,18.0,5,9.546098067659527
4.45,75,4,5000,6.78,13999.0,18,128,33.0,5,9.546741177474825
4.6,71,4,5000,6.75,12990.0,18,128,18.0,5,9.471935109664646
4.3,74,4,5010,6.75,13990.0,18,128,18.0,5,9.546098067659527
4.45,69,4,5000,6.56,13990.0,18,64,18.0,5,9.546098067659527
4.6,78,6,5000,6.8,19990.0,18,128,33.0,5,9.902987427494446
4.45,75,6,5010,6.6,15990.0,18,128,33.0,5,9.679718805828
4.3,84,8,5010,6.78,17999.0,18,256,33.0,5,9.798071479779479
4.7,71,4,5000,6.56,15990.0,18,64,18.0,5,9.679718805828
4.7,76,4,4000,6.81,19990.0,18,128,18.0,5,9.902987427494446
4.05,75,4,5000,6.6,18999.0,18,64,15.0,5,9.85214162518454
4.1,80,8,5000,6.8,24990.0,18,128,33.0,5,10.126231023828998
4.0,80,6,5000,6.6,23990.0,18,256,18.0,5,10.08539235583374
4.5,79,6,5000,6.6,22499.0,18,256,15.0,5,10.021226142760383
4.65,93,12,4600,10.0,119990.0,18,256,67.0,5,11.695163684958434
